{"type":"FeatureCollection","features":[{"type":"Feature","geometry":{"type":"Polygon","coordinates":[[[-75.3786,4.6806],[-75.3798,4.6834],[-75.3789,4.6869],[-75.3842,4.6903],[-75.3873,4.6991],[-75.3985,4.6924],[-75.4031,4.6847],[-75.4155,4.6711],[-75.4175,4.6634],[-75.4218,4.6572],[-75.4212,4.6426],[-75.4156,4.625],[-75.42,4.6126],[-75.4281,4.608],[-75.431,4.6018],[-75.4583,4.6026],[-75.4694,4.5984],[-75.4748,4.5855],[-75.4821,4.5833],[-75.4805,4.5665],[-75.4813,4.5598],[-75.4841,4.555],[-75.4761,4.5445],[-75.4716,4.5418],[-75.4688,4.5313],[-75.4548,4.5232],[-75.4419,4.526],[-75.44,4.5282],[-75.4252,4.5287],[-75.4174,4.528],[-75.4096,4.521],[-75.4084,4.5114],[-75.4063,4.5071],[-75.4081,4.5029],[-75.4078,4.4971],[-75.4096,4.4955],[-75.4077,4.4921],[-75.4088,4.488],[-75.404,4.4821],[-75.4008,4.4712],[-75.3953,4.4673],[-75.3886,4.4551],[-75.3803,4.4504],[-75.3737,4.4495],[-75.3698,4.4442],[-75.367,4.4225],[-75.3745,4.4214],[-75.3765,4.4176],[-75.376,4.4142],[-75.3746,4.4181],[-75.3693,4.419],[-75.3669,4.4065],[-75.3683,4.3993],[-75.3665,4.3941],[-75.3708,4.3881],[-75.3774,4.3861],[-75.3934,4.3735],[-75.4207,4.3647],[-75.4263,4.366],[-75.4317,4.3652],[-75.4419,4.3532],[-75.4564,4.3501],[-75.462,4.3507],[-75.4703,4.3419],[-75.486,4.3337],[-75.4894,4.3232],[-75.4949,4.3202],[-75.504,4.3069],[-75.505,4.3018],[-75.5039,4.2995],[-75.5108,4.2921],[-75.5115,4.2869],[-75.5158,4.2815],[-75.5173,4.2731],[-75.5218,4.2634],[-75.5205,4.2573],[-75.5065,4.2592],[-75.4916,4.2668],[-75.4649,4.2737],[-75.4397,4.2846],[-75.4149,4.2916],[-75.3892,4.3017],[-75.3792,4.311],[-75.3758,4.3105],[-75.3727,4.3066],[-75.3661,4.3087],[-75.3618,4.3059],[-75.3574,4.3057],[-75.3546,4.3078],[-75.3397,4.3295],[-75.331,4.3365],[-75.3283,4.3445],[-75.3207,4.3502],[-75.3152,4.3521],[-75.3122,4.3514],[-75.3077,4.3422],[-75.3007,4.3398],[-75.294,4.3415],[-75.2916,4.3392],[-75.291,4.3452],[-75.2843,4.344],[-75.2832,4.3454],[-75.2799,4.3446],[-75.2752,4.3464],[-75.2607,4.3454],[-75.2573,4.349],[-75.2523,4.3509],[-75.2481,4.3452],[-75.2447,4.3354],[-75.24,4.3326],[-75.2378,4.3232],[-75.2312,4.3168],[-75.2315,4.3141],[-75.2352,4.3127],[-75.2305,4.306],[-75.2287,4.3018],[-75.2297,4.299],[-75.2258,4.2937],[-75.2201,4.2964],[-75.216,4.295],[-75.2127,4.2976],[-75.2113,4.296],[-75.204,4.2984],[-75.2019,4.2965],[-75.1983,4.2979],[-75.1952,4.2967],[-75.1896,4.3001],[-75.1851,4.3074],[-75.1805,4.3096],[-75.1801,4.3134],[-75.1778,4.3154],[-75.1752,4.3151],[-75.1716,4.3179],[-75.1651,4.318],[-75.1621,4.3205],[-75.1549,4.3224],[-75.1465,4.3209],[-75.1384,4.3252],[-75.1336,4.324],[-75.1324,4.3203],[-75.1292,4.3182],[-75.1192,4.318],[-75.1149,4.3195],[-75.1134,4.3171],[-75.1064,4.3136],[-75.1034,4.3057],[-75.0997,4.3043],[-75.0998,4.3017],[-75.0972,4.3027],[-75.0892,4.3014],[-75.0859,4.2904],[-75.0754,4.2843],[-75.0523,4.2828],[-75.0493,4.2815],[-75.0302,4.2814],[-75.0349,4.2853],[-75.0344,4.2944],[-75.029,4.3037],[-75.0306,4.3062],[-75.0279,4.3094],[-75.0295,4.3137],[-75.0265,4.3168],[-75.027,4.3256],[-75.0239,4.3266],[-75.0209,4.3239],[-75.0192,4.324],[-75.0173,4.3268],[-75.0109,4.3265],[-75.0036,4.3228],[-75.0043,4.3191],[-75.0023,4.3109],[-75.006,4.3079],[-75.0082,4.303],[-75.0053,4.2966],[-74.9952,4.3032],[-74.9927,4.3084],[-74.9863,4.3136],[-74.9831,4.3281],[-74.9815,4.3294],[-74.9824,4.3317],[-74.9811,4.3359],[-74.9775,4.3379],[-74.9748,4.3435],[-74.97,4.3458],[-74.9653,4.3623],[-74.9812,4.3562],[-74.9849,4.3515],[-74.9876,4.352],[-74.9972,4.358],[-74.9955,4.3623],[-74.9936,4.3628],[-74.9951,4.3797],[-74.9932,4.3815],[-74.9938,4.3849],[-74.9918,4.3929],[-74.9948,4.3915],[-75.0029,4.3964],[-75.0149,4.3969],[-75.0187,4.3986],[-75.0301,4.3957],[-75.0405,4.399],[-75.0411,4.4008],[-75.0477,4.4017],[-75.0483,4.4033],[-75.0542,4.4022],[-75.0621,4.4038],[-75.0661,4.4147],[-75.0698,4.4362],[-75.0681,4.4376],[-75.0675,4.436],[-75.0656,4.4373],[-75.0616,4.4365],[-75.0574,4.4411],[-75.0562,4.4401],[-75.0553,4.4429],[-75.0503,4.4445],[-75.0497,4.4472],[-75.0477,4.4469],[-75.0473,4.4484],[-75.0431,4.4502],[-75.0463,4.4573],[-75.0442,4.46],[-75.0466,4.4656],[-75.0514,4.4724],[-75.0562,4.4747],[-75.0644,4.4938],[-75.063,4.4964],[-75.0597,4.4974],[-75.064,4.5069],[-75.0568,4.5109],[-75.0604,4.5157],[-75.0597,4.5179],[-75.0551,4.5214],[-75.0479,4.5329],[-75.0524,4.5348],[-75.0547,4.5377],[-75.0512,4.5408],[-75.0518,4.5417],[-75.0575,4.545],[-75.0669,4.5444],[-75.0696,4.5517],[-75.067,4.5586],[-75.0715,4.5635],[-75.0712,4.5665],[-75.0744,4.5681],[-75.0813,4.5644],[-75.0808,4.562],[-75.0848,4.5609],[-75.0953,4.5607],[-75.0979,4.5637],[-75.1004,4.5617],[-75.1012,4.563],[-75.1082,4.563],[-75.1091,4.5612],[-75.1138,4.5626],[-75.1157,4.5572],[-75.1176,4.5573],[-75.1228,4.5526],[-75.123,4.55],[-75.1259,4.5499],[-75.1281,4.5478],[-75.1259,4.5454],[-75.1269,4.5427],[-75.1318,4.5412],[-75.1412,4.5423],[-75.1431,4.5405],[-75.1508,4.5426],[-75.1516,4.5392],[-75.154,4.5369],[-75.1607,4.5393],[-75.1617,4.5378],[-75.166,4.538],[-75.1716,4.5417],[-75.1833,4.5418],[-75.1863,4.5394],[-75.189,4.5398],[-75.1915,4.5364],[-75.1992,4.5327],[-75.2046,4.5322],[-75.2107,4.535],[-75.2147,4.5344],[-75.22,4.5398],[-75.2202,4.5511],[-75.2279,4.5584],[-75.2371,4.5595],[-75.2487,4.5635],[-75.2545,4.5625],[-75.2585,4.5587],[-75.2631,4.5585],[-75.2793,4.5706],[-75.2889,4.5718],[-75.2919,4.5769],[-75.2857,4.5895],[-75.2855,4.5982],[-75.2818,4.6085],[-75.283,4.6123],[-75.2896,4.6155],[-75.2908,4.6252],[-75.2966,4.6253],[-75.2984,4.6214],[-75.3007,4.6246],[-75.3032,4.6239],[-75.3046,4.6253],[-75.3058,4.6355],[-75.3106,4.6437],[-75.316,4.6482],[-75.3212,4.6564],[-75.3357,4.6598],[-75.3415,4.6602],[-75.3448,4.6581],[-75.3487,4.6609],[-75.3555,4.6604],[-75.3537,4.6629],[-75.3586,4.6668],[-75.3651,4.6698],[-75.3703,4.6699],[-75.3703,4.6743],[-75.374,4.6718],[-75.3736,4.6742],[-75.3769,4.6802],[-75.3786,4.6806]]]},"properties":{"NOMBRE":"IBAGUE"}},{"type":"Feature","geometry":{"type":"Polygon","coordinates":[[[-74.9921,3.5045],[-74.9959,3.5093],[-74.9959,3.5127],[-75.0054,3.4995],[-74.9927,3.4926],[-74.9956,3.4891],[-74.9971,3.4809],[-74.993,3.4771],[-74.9928,3.474],[-75.0052,3.4695],[-75.0068,3.4654],[-75.0057,3.4579],[-75.015,3.4539],[-75.0237,3.4459],[-75.0287,3.4331],[-75.0404,3.4208],[-75.0423,3.4081],[-75.0307,3.4002],[-75.0279,3.3969],[-75.0281,3.392],[-75.0299,3.3907],[-75.0347,3.3909],[-75.0324,3.3861],[-75.0428,3.3851],[-75.0555,3.3789],[-75.0548,3.3683],[-75.058,3.3657],[-75.0545,3.3593],[-75.0593,3.3505],[-75.0556,3.3433],[-75.0573,3.3359],[-75.0551,3.3321],[-75.0604,3.3222],[-75.0582,3.3146],[-75.0592,3.3126],[-75.0679,3.3092],[-75.0663,3.3077],[-75.0669,3.3048],[-75.0704,3.3021],[-75.0699,3.2988],[-75.0722,3.2957],[-75.0496,3.2889],[-75.0131,3.2876],[-75.0105,3.2856],[-75.0084,3.2806],[-74.9996,3.2765],[-74.9932,3.2781],[-74.9902,3.2832],[-74.9796,3.2854],[-74.9655,3.2821],[-74.9587,3.2771],[-74.9564,3.2801],[-74.9524,3.2817],[-74.9471,3.2811],[-74.9358,3.2856],[-74.9221,3.2864],[-74.9164,3.2907],[-74.9071,3.2905],[-74.8873,3.3077],[-74.8844,3.3134],[-74.8798,3.315],[-74.8795,3.3187],[-74.875,3.3211],[-74.8766,3.3238],[-74.8755,3.3262],[-74.8678,3.3273],[-74.8625,3.3333],[-74.8482,3.3416],[-74.849,3.3514],[-74.8363,3.3668],[-74.8313,3.3695],[-74.8273,3.3763],[-74.8259,3.3886],[-74.8213,3.3897],[-74.8179,3.3934],[-74.8153,3.3935],[-74.8178,3.4033],[-74.8163,3.4066],[-74.8109,3.4109],[-74.8144,3.4139],[-74.8209,3.4148],[-74.8242,3.4246],[-74.8278,3.4289],[-74.8266,3.4313],[-74.8285,3.4341],[-74.8321,3.4355],[-74.8394,3.4456],[-74.8519,3.4549],[-74.8484,3.4626],[-74.8378,3.4741],[-74.8293,3.4865],[-74.8297,3.4952],[-74.8391,3.5018],[-74.8454,3.5092],[-74.852,3.5116],[-74.8589,3.5117],[-74.866,3.5074],[-74.8687,3.5087],[-74.8716,3.5066],[-74.88,3.5064],[-74.884,3.5009],[-74.8882,3.5024],[-74.8925,3.4996],[-74.8955,3.4933],[-74.8989,3.4927],[-74.9024,3.4898],[-74.9061,3.4937],[-74.9094,3.4916],[-74.9119,3.4932],[-74.9169,3.492],[-74.9174,3.4942],[-74.9253,3.4938],[-74.9297,3.4984],[-74.9327,3.4945],[-74.9338,3.49],[-74.9327,3.4877],[-74.9363,3.485],[-74.9363,3.4799],[-74.9423,3.4784],[-74.9439,3.4763],[-74.9467,3.4776],[-74.9498,3.4766],[-74.9551,3.4813],[-74.9621,3.484],[-74.9623,3.4864],[-74.9646,3.4881],[-74.9676,3.488],[-74.9726,3.4962],[-74.9733,3.5011],[-74.9921,3.5045]]]},"properties":{"NOMBRE":"ALPUJARRA"}},{"type":"Feature","geometry":{"type":"Polygon","coordinates":[[[-74.9764,4.7028],[-74.9824,4.703],[-74.9861,4.7005],[-74.9888,4.695],[-74.9919,4.6994],[-75.0059,4.6941],[-75.0127,4.6949],[-75.0171,4.6888],[-75.0167,4.6843],[-75.0186,4.6796],[-75.0292,4.6746],[-75.0308,4.6732],[-75.0305,4.6711],[-75.0328,4.6718],[-75.0349,4.6703],[-75.0362,4.6714],[-75.039,4.6689],[-75.0421,4.6701],[-75.0476,4.6657],[-75.0468,4.6624],[-75.0433,4.662],[-75.0411,4.6585],[-75.041,4.6531],[-75.0453,4.6496],[-75.0435,4.6468],[-75.0361,4.6419],[-75.0259,4.6419],[-75.0215,4.6395],[-75.0234,4.6387],[-75.0231,4.6374],[-75.0278,4.6378],[-75.0305,4.6327],[-75.0355,4.6352],[-75.0384,4.6344],[-75.0369,4.6282],[-75.0389,4.6244],[-75.0375,4.6227],[-75.0456,4.6178],[-75.0474,4.615],[-75.0446,4.6133],[-75.0447,4.6105],[-75.0466,4.612],[-75.0493,4.6097],[-75.0493,4.6073],[-75.0533,4.6075],[-75.0555,4.6011],[-75.0571,4.5956],[-75.0531,4.5912],[-75.0552,4.5892],[-75.0528,4.5877],[-75.054,4.5841],[-75.0571,4.5828],[-75.0579,4.5841],[-75.0618,4.5839],[-75.0611,4.5803],[-75.0662,4.5802],[-75.0678,4.5788],[-75.0668,4.5772],[-75.0688,4.5774],[-75.0715,4.5713],[-75.0762,4.5703],[-75.071,4.5662],[-75.0715,4.5635],[-75.067,4.5586],[-75.0696,4.5517],[-75.0669,4.5444],[-75.0575,4.545],[-75.0518,4.5417],[-75.0512,4.5408],[-75.0547,4.5377],[-75.0524,4.5348],[-75.0479,4.5329],[-75.0551,4.5214],[-75.0597,4.5179],[-75.0604,4.5157],[-75.0568,4.5109],[-75.064,4.5069],[-75.0597,4.4974],[-75.063,4.4964],[-75.0644,4.4938],[-75.0562,4.4747],[-75.0514,4.4724],[-75.0466,4.4656],[-75.0442,4.46],[-75.0463,4.4573],[-75.0419,4.4489],[-75.0266,4.4518],[-75.0176,4.4597],[-75.0152,4.4591],[-75.0157,4.4603],[-75.0109,4.4646],[-75.0068,4.4733],[-75.0027,4.4724],[-75.001,4.4744],[-74.9982,4.4733],[-74.9981,4.4749],[-74.9955,4.4753],[-74.9954,4.474],[-74.991,4.4783],[-74.9875,4.4792],[-74.9838,4.4866],[-74.9818,4.4852],[-74.9755,4.4896],[-74.9759,4.4919],[-74.9724,4.4942],[-74.9675,4.5035],[-74.9678,4.5065],[-74.966,4.507],[-74.9667,4.5097],[-74.9644,4.5097],[-74.9629,4.5124],[-74.9602,4.512],[-74.958,4.5155],[-74.9599,4.5181],[-74.9557,4.5187],[-74.9537,4.5252],[-74.9495,4.5261],[-74.9471,4.5295],[-74.9436,4.5293],[-74.9434,4.5342],[-74.9401,4.5363],[-74.935,4.5346],[-74.9324,4.5375],[-74.9332,4.5391],[-74.9313,4.54],[-74.9285,4.5375],[-74.9275,4.5483],[-74.9229,4.5481],[-74.9195,4.5561],[-74.9169,4.5553],[-74.9122,4.5568],[-74.9127,4.5587],[-74.9086,4.5611],[-74.9087,4.5663],[-74.9068,4.5642],[-74.9053,4.5659],[-74.9028,4.5647],[-74.9038,4.5691],[-74.9007,4.5699],[-74.9023,4.5724],[-74.8994,4.5714],[-74.8981,4.5732],[-74.9004,4.5752],[-74.8951,4.5756],[-74.8928,4.5804],[-74.8899,4.5807],[-74.892,4.5848],[-74.888,4.5885],[-74.8843,4.5895],[-74.8864,4.5921],[-74.8836,4.5974],[-74.8854,4.5989],[-74.8833,4.6017],[-74.8791,4.6034],[-74.8779,4.6095],[-74.8752,4.6083],[-74.8725,4.6132],[-74.869,4.6151],[-74.8729,4.6171],[-74.8687,4.6181],[-74.8688,4.6206],[-74.867,4.6223],[-74.8666,4.6251],[-74.8687,4.6276],[-74.8755,4.6264],[-74.8891,4.6299],[-74.8912,4.6331],[-74.8905,4.6352],[-74.8927,4.6369],[-74.9008,4.6361],[-74.9026,4.6387],[-74.9095,4.6339],[-74.9154,4.6353],[-74.919,4.6388],[-74.9288,4.6423],[-74.9291,4.6492],[-74.935,4.65],[-74.9376,4.6579],[-74.943,4.6613],[-74.9444,4.6707],[-74.9551,4.6743],[-74.9582,4.6928],[-74.9614,4.6936],[-74.9615,4.6958],[-74.971,4.7005],[-74.9722,4.7027],[-74.9764,4.7028]]]},"properties":{"NOMBRE":"ALVARADO"}},{"type":"Feature","geometry":{"type":"Polygon","coordinates":[[[-74.7455,4.9453],[-74.7473,4.9467],[-74.7524,4.9415],[-74.7548,4.9432],[-74.7556,4.9418],[-74.7536,4.9409],[-74.7546,4.9373],[-74.7557,4.9388],[-74.7572,4.9378],[-74.7604,4.9394],[-74.7638,4.9379],[-74.7659,4.9346],[-74.7705,4.9367],[-74.7722,4.9402],[-74.7763,4.9366],[-74.7769,4.938],[-74.782,4.9392],[-74.7867,4.9341],[-74.787,4.9312],[-74.791,4.9317],[-74.7982,4.9294],[-74.8209,4.9334],[-74.8357,4.9263],[-74.8361,4.9214],[-74.8325,4.9174],[-74.8331,4.9108],[-74.8227,4.9146],[-74.8137,4.9146],[-74.8177,4.9086],[-74.8164,4.9053],[-74.818,4.9006],[-74.8123,4.8908],[-74.8115,4.8834],[-74.8133,4.8696],[-74.8221,4.8628],[-74.8275,4.8619],[-74.8287,4.8587],[-74.8361,4.8551],[-74.8383,4.8497],[-74.8473,4.8445],[-74.8457,4.8412],[-74.8406,4.8423],[-74.8323,4.8403],[-74.828,4.8413],[-74.8246,4.8398],[-74.8254,4.8382],[-74.8335,4.8357],[-74.834,4.8383],[-74.8381,4.8377],[-74.8404,4.8351],[-74.8515,4.8295],[-74.8575,4.8223],[-74.8611,4.8233],[-74.8621,4.8213],[-74.8642,4.8217],[-74.8639,4.8204],[-74.8706,4.8187],[-74.8689,4.8164],[-74.8698,4.8138],[-74.8737,4.8098],[-74.8724,4.8009],[-74.8732,4.7934],[-74.8672,4.7795],[-74.87,4.7727],[-74.8671,4.7745],[-74.8658,4.7737],[-74.8716,4.7683],[-74.8741,4.7495],[-74.8701,4.7438],[-74.8673,4.7443],[-74.8662,4.7462],[-74.864,4.7452],[-74.8742,4.738],[-74.8781,4.7395],[-74.8801,4.737],[-74.8822,4.7371],[-74.8827,4.7348],[-74.8881,4.7346],[-74.8885,4.7333],[-74.888,4.7304],[-74.8827,4.726],[-74.8788,4.7184],[-74.8739,4.7153],[-74.8733,4.7125],[-74.8676,4.7141],[-74.8655,4.7126],[-74.8613,4.7173],[-74.8598,4.7163],[-74.8594,4.7194],[-74.8537,4.7185],[-74.8474,4.7253],[-74.8438,4.7242],[-74.8375,4.7277],[-74.8341,4.7262],[-74.8347,4.722],[-74.8325,4.7221],[-74.8314,4.7236],[-74.8326,4.7285],[-74.837,4.7309],[-74.8336,4.7363],[-74.8315,4.7343],[-74.83,4.7273],[-74.8264,4.7264],[-74.8238,4.7208],[-74.8205,4.7209],[-74.8204,4.7258],[-74.8162,4.7314],[-74.7998,4.7444],[-74.7945,4.747],[-74.7773,4.7483],[-74.7751,4.7496],[-74.7733,4.7535],[-74.7774,4.7564],[-74.7777,4.7599],[-74.7715,4.772],[-74.7609,4.7799],[-74.7501,4.7835],[-74.7437,4.789],[-74.743,4.794],[-74.7454,4.8083],[-74.7445,4.8217],[-74.7455,4.8273],[-74.7601,4.8322],[-74.7654,4.837],[-74.7683,4.8431],[-74.7663,4.8477],[-74.7567,4.8559],[-74.7531,4.8633],[-74.7527,4.8664],[-74.756,4.8777],[-74.7524,4.8899],[-74.7499,4.8901],[-74.7475,4.8873],[-74.7379,4.8825],[-74.7319,4.8923],[-74.7331,4.8992],[-74.7399,4.9028],[-74.7404,4.9095],[-74.7395,4.9147],[-74.7325,4.9236],[-74.7312,4.9354],[-74.7352,4.9404],[-74.7455,4.9453]]]},"properties":{"NOMBRE":"AMBALEMA"}},{"type":"Feature","geometry":{"type":"Polygon","coordinates":[[[-75.204,4.7151],[-75.2063,4.7169],[-75.2096,4.7138],[-75.2145,4.7155],[-75.216,4.7139],[-75.2242,4.715],[-75.2235,4.7123],[-75.2409,4.7119],[-75.2432,4.7094],[-75.251,4.7088],[-75.2553,4.7059],[-75.2601,4.7076],[-75.2649,4.7142],[-75.2719,4.715],[-75.2729,4.7139],[-75.2764,4.716],[-75.2857,4.7097],[-75.2917,4.7116],[-75.2941,4.7096],[-75.2976,4.7114],[-75.3108,4.7064],[-75.3151,4.7066],[-75.323,4.7021],[-75.331,4.7037],[-75.351,4.7008],[-75.3557,4.7019],[-75.3623,4.708],[-75.3725,4.7045],[-75.3791,4.7086],[-75.3836,4.7078],[-75.3833,4.7037],[-75.3873,4.6991],[-75.3842,4.6903],[-75.3789,4.6869],[-75.3793,4.6812],[-75.3769,4.6802],[-75.3736,4.6742],[-75.374,4.6718],[-75.3703,4.6743],[-75.3703,4.6699],[-75.3651,4.6698],[-75.3586,4.6668],[-75.3537,4.6629],[-75.3555,4.6604],[-75.3487,4.6609],[-75.3448,4.6581],[-75.3415,4.6602],[-75.3357,4.6598],[-75.322,4.6569],[-75.3158,4.6479],[-75.3106,4.6437],[-75.3058,4.6355],[-75.3046,4.6253],[-75.3032,4.6239],[-75.3007,4.6246],[-75.2984,4.6214],[-75.2966,4.6253],[-75.2908,4.6252],[-75.2896,4.6155],[-75.283,4.6123],[-75.2818,4.6085],[-75.2855,4.5982],[-75.2857,4.5895],[-75.2919,4.5769],[-75.2889,4.5718],[-75.2793,4.5706],[-75.2631,4.5585],[-75.2585,4.5587],[-75.2545,4.5625],[-75.2487,4.5635],[-75.2371,4.5595],[-75.2279,4.5584],[-75.2202,4.5511],[-75.22,4.5398],[-75.2147,4.5344],[-75.2107,4.535],[-75.2046,4.5322],[-75.1992,4.5327],[-75.1915,4.5364],[-75.189,4.5398],[-75.1863,4.5394],[-75.1833,4.5418],[-75.1716,4.5417],[-75.166,4.538],[-75.1617,4.5378],[-75.1607,4.5393],[-75.154,4.5369],[-75.1516,4.5392],[-75.1508,4.5426],[-75.1431,4.5405],[-75.1413,4.5423],[-75.1283,4.542],[-75.1258,4.5451],[-75.1281,4.5478],[-75.1259,4.5499],[-75.123,4.55],[-75.1228,4.5526],[-75.1176,4.5573],[-75.1157,4.5572],[-75.114,4.5625],[-75.1091,4.5612],[-75.1082,4.563],[-75.1012,4.563],[-75.1004,4.5617],[-75.0979,4.5637],[-75.0942,4.5606],[-75.081,4.5619],[-75.0813,4.5644],[-75.0743,4.5682],[-75.076,4.5706],[-75.0725,4.5703],[-75.0688,4.5774],[-75.0668,4.5772],[-75.0675,4.5792],[-75.0611,4.5803],[-75.0618,4.5839],[-75.0579,4.5841],[-75.0573,4.5828],[-75.0541,4.5839],[-75.0528,4.5877],[-75.0552,4.5892],[-75.0531,4.5912],[-75.0571,4.5956],[-75.0555,4.6011],[-75.0533,4.6075],[-75.0493,4.6073],[-75.0493,4.6097],[-75.0466,4.612],[-75.0447,4.6105],[-75.0446,4.6133],[-75.0474,4.615],[-75.0456,4.6178],[-75.0375,4.6227],[-75.0389,4.6244],[-75.0369,4.6282],[-75.0386,4.6341],[-75.0355,4.6352],[-75.0305,4.6327],[-75.0278,4.6378],[-75.0231,4.6374],[-75.0234,4.6387],[-75.0215,4.6395],[-75.0259,4.6419],[-75.0361,4.6419],[-75.0435,4.6468],[-75.0453,4.6496],[-75.041,4.6531],[-75.0411,4.6585],[-75.0433,4.662],[-75.0468,4.6624],[-75.0476,4.6657],[-75.0421,4.6701],[-75.039,4.6689],[-75.0362,4.6714],[-75.0349,4.6703],[-75.0328,4.6718],[-75.0305,4.6711],[-75.0308,4.6732],[-75.0292,4.6746],[-75.018,4.6802],[-75.0171,4.6888],[-75.0189,4.6921],[-75.0232,4.6949],[-75.0216,4.6987],[-75.0253,4.6994],[-75.0272,4.6965],[-75.0281,4.7],[-75.0294,4.7],[-75.0329,4.6959],[-75.0349,4.7029],[-75.0368,4.7003],[-75.0394,4.6999],[-75.0379,4.6963],[-75.0409,4.6957],[-75.0428,4.6996],[-75.0457,4.6998],[-75.0506,4.6973],[-75.0505,4.6918],[-75.0537,4.692],[-75.0562,4.6898],[-75.0579,4.6905],[-75.0644,4.688],[-75.0664,4.6854],[-75.0689,4.6866],[-75.073,4.6848],[-75.0782,4.6765],[-75.0769,4.6677],[-75.0796,4.6681],[-75.0817,4.6607],[-75.0854,4.6603],[-75.0896,4.6563],[-75.0936,4.6581],[-75.0966,4.6572],[-75.1012,4.6631],[-75.1095,4.6645],[-75.1129,4.6674],[-75.1198,4.6677],[-75.1267,4.6631],[-75.1379,4.6665],[-75.1386,4.6696],[-75.1484,4.6719],[-75.1509,4.6741],[-75.1504,4.6763],[-75.1533,4.6776],[-75.1539,4.6822],[-75.1571,4.6834],[-75.1592,4.6797],[-75.1606,4.686],[-75.1656,4.6894],[-75.1648,4.6938],[-75.1728,4.6957],[-75.1747,4.6978],[-75.1742,4.6998],[-75.1838,4.7052],[-75.1861,4.7111],[-75.1961,4.7139],[-75.1991,4.7127],[-75.204,4.7151]]]},"properties":{"NOMBRE":"ANZOATEGUI"}},{"type":"Feature","geometry":{"type":"Polygon","coordinates":[[[-74.8769,5.1448],[-74.8862,5.1491],[-74.8961,5.142],[-74.9024,5.1414],[-74.9017,5.1393],[-74.9045,5.1353],[-74.9027,5.1287],[-74.9044,5.1249],[-74.9014,5.1224],[-74.9033,5.1175],[-74.9029,5.1124],[-74.9048,5.1093],[-74.9024,5.1031],[-74.9036,5.098],[-74.899,5.0941],[-74.8954,5.0952],[-74.8944,5.0998],[-74.8914,5.0986],[-74.8903,5.0938],[-74.8965,5.0925],[-74.8968,5.0889],[-74.8952,5.0877],[-74.8928,5.0893],[-74.8924,5.0861],[-74.8896,5.0869],[-74.892,5.0805],[-74.8881,5.0781],[-74.8885,5.0722],[-74.8834,5.0717],[-74.8869,5.0662],[-74.8885,5.0661],[-74.8905,5.0694],[-74.8934,5.0664],[-74.8986,5.065],[-74.8939,5.061],[-74.8958,5.0585],[-74.8921,5.0575],[-74.8925,5.0512],[-74.8949,5.0489],[-74.8921,5.0393],[-74.8944,5.0346],[-74.8942,5.03],[-74.8977,5.0287],[-74.9006,5.0326],[-74.9074,5.037],[-74.9078,5.0321],[-74.9111,5.0298],[-74.916,5.0307],[-74.9242,5.024],[-74.9311,5.0272],[-74.9341,5.0252],[-74.9393,5.0254],[-74.946,5.0228],[-74.9487,5.0189],[-74.9525,5.0206],[-74.9581,5.0184],[-74.9602,5.0199],[-74.9624,5.0144],[-74.9658,5.0152],[-74.9694,5.0126],[-74.9724,5.0131],[-74.974,5.0195],[-74.9796,5.0185],[-74.9788,5.0218],[-74.9842,5.0241],[-74.9877,5.0175],[-74.9924,5.0164],[-74.9942,5.0116],[-74.9984,5.0125],[-75.0003,5.0081],[-75.002,5.0089],[-75.0053,5.0065],[-75.0087,5.0092],[-75.0124,5.005],[-75.0159,4.9969],[-75.0106,4.9958],[-75.0062,4.9861],[-75.0026,4.9848],[-74.9984,4.9792],[-74.9938,4.9799],[-74.9859,4.9755],[-74.9814,4.9758],[-74.9803,4.9717],[-74.9758,4.9677],[-74.9688,4.9668],[-74.9623,4.9627],[-74.9454,4.9587],[-74.9391,4.959],[-74.9276,4.9638],[-74.9254,4.9625],[-74.9173,4.9632],[-74.9072,4.9535],[-74.9052,4.9494],[-74.9055,4.9447],[-74.8979,4.9353],[-74.896,4.9318],[-74.8973,4.9296],[-74.8946,4.9253],[-74.892,4.9246],[-74.8907,4.9196],[-74.8871,4.9161],[-74.8866,4.9083],[-74.8827,4.9065],[-74.8795,4.902],[-74.8787,4.8971],[-74.8751,4.8932],[-74.8747,4.888],[-74.8683,4.8866],[-74.8639,4.8916],[-74.8583,4.8899],[-74.8481,4.8912],[-74.8382,4.8892],[-74.8379,4.8852],[-74.8362,4.8846],[-74.8327,4.8903],[-74.8305,4.8898],[-74.8302,4.8873],[-74.8259,4.8901],[-74.8247,4.888],[-74.8211,4.8884],[-74.8185,4.8913],[-74.8149,4.8906],[-74.8119,4.8878],[-74.818,4.9006],[-74.8164,4.9053],[-74.8177,4.9086],[-74.8137,4.9146],[-74.8227,4.9146],[-74.8331,4.9108],[-74.8325,4.9174],[-74.8361,4.9217],[-74.8352,4.9268],[-74.8209,4.9334],[-74.7982,4.9294],[-74.791,4.9317],[-74.787,4.9312],[-74.7867,4.9341],[-74.782,4.9392],[-74.7769,4.938],[-74.7763,4.9366],[-74.7722,4.9402],[-74.7705,4.9367],[-74.7659,4.9346],[-74.7638,4.9379],[-74.7604,4.9394],[-74.7572,4.9378],[-74.7557,4.9388],[-74.7546,4.9373],[-74.7536,4.9412],[-74.7556,4.9417],[-74.755,4.943],[-74.7524,4.9415],[-74.7473,4.9467],[-74.7505,4.9508],[-74.7505,4.9539],[-74.7444,4.9657],[-74.7319,4.9771],[-74.7132,4.9739],[-74.7094,4.9778],[-74.7086,4.9832],[-74.7182,4.9926],[-74.729,4.9982],[-74.7379,4.9996],[-74.7429,5.002],[-74.7426,5.0105],[-74.7358,5.0243],[-74.7348,5.0378],[-74.7317,5.0484],[-74.7333,5.0493],[-74.7335,5.0529],[-74.7447,5.0498],[-74.7477,5.045],[-74.7517,5.0479],[-74.754,5.0476],[-74.7577,5.0455],[-74.7619,5.0403],[-74.7633,5.041],[-74.7649,5.05],[-74.7706,5.0586],[-74.771,5.0656],[-74.7729,5.0686],[-74.7737,5.0795],[-74.7707,5.0837],[-74.7717,5.0992],[-74.7691,5.1096],[-74.7767,5.1096],[-74.7845,5.1015],[-74.792,5.0967],[-74.8084,5.0915],[-74.8149,5.0951],[-74.8251,5.0955],[-74.8347,5.0987],[-74.8451,5.0998],[-74.8521,5.1132],[-74.8511,5.1167],[-74.8524,5.1217],[-74.8599,5.1265],[-74.8619,5.1303],[-74.8676,5.1312],[-74.8753,5.1362],[-74.8759,5.1386],[-74.8741,5.1424],[-74.8769,5.1448]]]},"properties":{"NOMBRE":"ARMERO"}},{"type":"Feature","geometry":{"type":"Polygon","coordinates":[[[-75.3252,3.6594],[-75.3241,3.6637],[-75.3276,3.6654],[-75.3301,3.6626],[-75.3391,3.6596],[-75.3519,3.6619],[-75.3542,3.661],[-75.3554,3.6572],[-75.3545,3.6509],[-75.358,3.6496],[-75.359,3.6461],[-75.3576,3.6441],[-75.3548,3.6437],[-75.3535,3.6404],[-75.3603,3.6387],[-75.363,3.6362],[-75.3666,3.6276],[-75.3663,3.611],[-75.377,3.6017],[-75.3848,3.6003],[-75.3881,3.5961],[-75.3956,3.5919],[-75.4,3.5843],[-75.4047,3.5824],[-75.4128,3.5728],[-75.4149,3.5648],[-75.4214,3.5574],[-75.417,3.5359],[-75.4211,3.534],[-75.4273,3.5268],[-75.4324,3.5088],[-75.4547,3.4833],[-75.4558,3.4765],[-75.4576,3.4741],[-75.4603,3.4734],[-75.4608,3.4785],[-75.463,3.4771],[-75.4657,3.4809],[-75.4703,3.4824],[-75.4727,3.4853],[-75.4802,3.4861],[-75.486,3.4845],[-75.4954,3.478],[-75.5197,3.4746],[-75.5278,3.469],[-75.5317,3.4692],[-75.5444,3.4633],[-75.5623,3.4628],[-75.5693,3.4667],[-75.5722,3.4642],[-75.5756,3.4655],[-75.5797,3.4634],[-75.581,3.4601],[-75.5778,3.4564],[-75.5783,3.4532],[-75.5839,3.4527],[-75.5908,3.4546],[-75.5984,3.4517],[-75.6028,3.453],[-75.6037,3.4562],[-75.6086,3.4548],[-75.6154,3.4574],[-75.6214,3.4564],[-75.6246,3.4586],[-75.6311,3.4601],[-75.6372,3.4565],[-75.6399,3.46],[-75.6464,3.4635],[-75.6495,3.4636],[-75.6529,3.466],[-75.6609,3.4652],[-75.6641,3.4677],[-75.6663,3.4655],[-75.6685,3.4664],[-75.6709,3.4635],[-75.6742,3.4629],[-75.6737,3.4533],[-75.6769,3.4526],[-75.6791,3.4487],[-75.6822,3.4488],[-75.6858,3.4436],[-75.6852,3.44],[-75.6882,3.4361],[-75.6892,3.4292],[-75.6974,3.4217],[-75.6983,3.4147],[-75.7028,3.4059],[-75.7051,3.4057],[-75.7037,3.3999],[-75.7082,3.3937],[-75.7091,3.3839],[-75.7175,3.3762],[-75.7162,3.3748],[-75.7167,3.3714],[-75.7194,3.3701],[-75.7205,3.363],[-75.7232,3.3608],[-75.724,3.3494],[-75.7268,3.348],[-75.7274,3.3435],[-75.7339,3.337],[-75.7304,3.333],[-75.7298,3.3299],[-75.7329,3.3262],[-75.7361,3.3258],[-75.7424,3.3208],[-75.7338,3.3231],[-75.7233,3.3173],[-75.7156,3.3156],[-75.7099,3.3174],[-75.7026,3.3145],[-75.7027,3.3074],[-75.6981,3.2902],[-75.6984,3.2861],[-75.6956,3.2852],[-75.6934,3.281],[-75.6894,3.2795],[-75.6791,3.2819],[-75.6759,3.2843],[-75.6743,3.2818],[-75.671,3.2827],[-75.6692,3.2788],[-75.6671,3.2784],[-75.6661,3.2801],[-75.6606,3.2788],[-75.6589,3.282],[-75.6527,3.2862],[-75.6501,3.2913],[-75.6298,3.292],[-75.6265,3.2971],[-75.6247,3.2961],[-75.6112,3.2988],[-75.6094,3.2941],[-75.6112,3.2925],[-75.6114,3.288],[-75.6094,3.284],[-75.6117,3.2843],[-75.6124,3.2817],[-75.6107,3.2748],[-75.613,3.2672],[-75.608,3.2665],[-75.6059,3.2644],[-75.6065,3.2613],[-75.6049,3.2586],[-75.6054,3.254],[-75.6033,3.2461],[-75.6059,3.2387],[-75.6036,3.2363],[-75.6045,3.2295],[-75.6076,3.221],[-75.5997,3.214],[-75.5944,3.2059],[-75.5941,3.2022],[-75.5898,3.1976],[-75.5948,3.1902],[-75.5954,3.1858],[-75.5986,3.1831],[-75.5962,3.1751],[-75.5986,3.1732],[-75.5963,3.1698],[-75.6019,3.1626],[-75.6013,3.1483],[-75.5992,3.1446],[-75.5985,3.1374],[-75.6003,3.136],[-75.5995,3.1273],[-75.5953,3.1281],[-75.5927,3.1255],[-75.5899,3.1265],[-75.5852,3.1224],[-75.5829,3.1239],[-75.5842,3.1262],[-75.5825,3.1372],[-75.5768,3.1433],[-75.5764,3.1449],[-75.5833,3.1471],[-75.5848,3.1513],[-75.5868,3.1523],[-75.5875,3.1579],[-75.5869,3.1624],[-75.5824,3.1693],[-75.5841,3.1761],[-75.5765,3.1889],[-75.5784,3.1944],[-75.5748,3.2009],[-75.5754,3.2056],[-75.5725,3.2188],[-75.5765,3.2209],[-75.5769,3.2247],[-75.571,3.2386],[-75.5629,3.2493],[-75.5537,3.2565],[-75.5499,3.2569],[-75.5425,3.2765],[-75.5303,3.2864],[-75.5312,3.2922],[-75.5246,3.2975],[-75.5223,3.3033],[-75.5227,3.3112],[-75.5213,3.3121],[-75.5223,3.3135],[-75.5235,3.3113],[-75.5239,3.3144],[-75.5276,3.3174],[-75.527,3.3198],[-75.5111,3.3288],[-75.508,3.3257],[-75.5,3.3235],[-75.4987,3.3214],[-75.4907,3.3258],[-75.4859,3.3325],[-75.4867,3.3457],[-75.4809,3.353],[-75.4824,3.3551],[-75.4813,3.3597],[-75.4776,3.3611],[-75.474,3.3578],[-75.4708,3.3594],[-75.4692,3.3572],[-75.4672,3.358],[-75.4649,3.3567],[-75.4632,3.3544],[-75.4517,3.3542],[-75.4498,3.3561],[-75.4449,3.3568],[-75.4406,3.3452],[-75.4388,3.3481],[-75.4328,3.3489],[-75.4294,3.352],[-75.4262,3.3524],[-75.4268,3.3549],[-75.4226,3.3613],[-75.4188,3.3622],[-75.4192,3.3639],[-75.4155,3.3674],[-75.4167,3.3694],[-75.4155,3.3712],[-75.4131,3.3718],[-75.4124,3.3701],[-75.4067,3.3694],[-75.3962,3.3773],[-75.3902,3.3757],[-75.3879,3.3767],[-75.3858,3.375],[-75.3754,3.3749],[-75.3777,3.3775],[-75.3774,3.382],[-75.3713,3.3878],[-75.3738,3.396],[-75.3706,3.3965],[-75.3713,3.4006],[-75.3671,3.4064],[-75.364,3.4062],[-75.3605,3.4092],[-75.3596,3.4078],[-75.3571,3.4079],[-75.3567,3.4064],[-75.3585,3.4052],[-75.3563,3.4031],[-75.351,3.4028],[-75.348,3.405],[-75.3443,3.4043],[-75.3417,3.4056],[-75.3399,3.4024],[-75.3414,3.3981],[-75.339,3.4002],[-75.3355,3.3995],[-75.33,3.4017],[-75.3237,3.4079],[-75.3213,3.4085],[-75.3232,3.4104],[-75.3232,3.4134],[-75.3213,3.418],[-75.3189,3.4194],[-75.3169,3.4148],[-75.3125,3.4144],[-75.3093,3.4122],[-75.3105,3.4103],[-75.3087,3.4089],[-75.3083,3.4041],[-75.3025,3.4045],[-75.3015,3.3993],[-75.2894,3.3914],[-75.2826,3.3888],[-75.2773,3.3828],[-75.2715,3.3838],[-75.2684,3.3819],[-75.2695,3.3855],[-75.2725,3.3861],[-75.2711,3.3891],[-75.2729,3.3932],[-75.2717,3.3964],[-75.276,3.3983],[-75.2773,3.4018],[-75.2758,3.408],[-75.2763,3.4118],[-75.2779,3.413],[-75.2751,3.4179],[-75.2757,3.4199],[-75.2796,3.4249],[-75.2826,3.4263],[-75.2841,3.4251],[-75.2861,3.4362],[-75.2899,3.4396],[-75.2893,3.4412],[-75.2975,3.4404],[-75.2991,3.4431],[-75.2983,3.4467],[-75.303,3.4498],[-75.292,3.4582],[-75.2914,3.4604],[-75.2796,3.4715],[-75.2778,3.4773],[-75.273,3.4797],[-75.2648,3.4786],[-75.2664,3.482],[-75.2657,3.488],[-75.2612,3.4925],[-75.2588,3.4903],[-75.2564,3.4928],[-75.2587,3.4995],[-75.2568,3.5],[-75.2571,3.5031],[-75.2553,3.5052],[-75.2575,3.5103],[-75.2665,3.514],[-75.2693,3.5238],[-75.274,3.5264],[-75.2753,3.5311],[-75.2792,3.5318],[-75.2794,3.5341],[-75.2862,3.5387],[-75.2869,3.5425],[-75.2888,3.5418],[-75.2883,3.5441],[-75.2904,3.5445],[-75.2888,3.5474],[-75.2932,3.5509],[-75.2891,3.5522],[-75.2909,3.5553],[-75.2904,3.5582],[-75.2892,3.5582],[-75.2905,3.5606],[-75.289,3.5605],[-75.2891,3.5651],[-75.2876,3.5653],[-75.2843,3.5718],[-75.2788,3.5686],[-75.2734,3.5707],[-75.272,3.5697],[-75.2666,3.5738],[-75.2655,3.5769],[-75.2706,3.5818],[-75.2755,3.5841],[-75.2785,3.5882],[-75.2833,3.5893],[-75.2841,3.5939],[-75.2823,3.596],[-75.2845,3.5985],[-75.2833,3.6016],[-75.2856,3.6029],[-75.2885,3.609],[-75.2993,3.6106],[-75.2999,3.6124],[-75.309,3.611],[-75.3131,3.6132],[-75.3204,3.6303],[-75.3216,3.6316],[-75.3242,3.6308],[-75.3244,3.6416],[-75.3285,3.6468],[-75.3312,3.6478],[-75.3252,3.6594]]]},"properties":{"NOMBRE":"ATACO"}},{"type":"Feature","geometry":{"type":"Polygon","coordinates":[[[-75.4814,4.5603],[-75.4804,4.5686],[-75.4821,4.5833],[-75.488,4.5791],[-75.4989,4.5635],[-75.5146,4.5551],[-75.5193,4.546],[-75.5235,4.5431],[-75.5221,4.5272],[-75.5279,4.5154],[-75.5251,4.5067],[-75.525,4.498],[-75.5339,4.495],[-75.5377,4.4919],[-75.5427,4.4868],[-75.547,4.4782],[-75.5556,4.4721],[-75.5606,4.4716],[-75.5688,4.4618],[-75.5703,4.4563],[-75.5776,4.4531],[-75.5762,4.4448],[-75.5768,4.4375],[-75.5826,4.426],[-75.5797,4.4189],[-75.5808,4.412],[-75.579,4.4078],[-75.5825,4.3893],[-75.5896,4.3758],[-75.5894,4.3669],[-75.5938,4.3587],[-75.5938,4.3453],[-75.5987,4.3332],[-75.5957,4.3253],[-75.5958,4.3168],[-75.5979,4.313],[-75.5975,4.3072],[-75.6012,4.3014],[-75.6038,4.2902],[-75.6027,4.2875],[-75.5965,4.283],[-75.5978,4.2787],[-75.5958,4.2714],[-75.5897,4.2699],[-75.5864,4.266],[-75.5793,4.2633],[-75.5805,4.2548],[-75.5777,4.2331],[-75.5727,4.2304],[-75.5678,4.2298],[-75.5666,4.233],[-75.5529,4.2372],[-75.5389,4.2441],[-75.5276,4.2554],[-75.5211,4.2556],[-75.5218,4.2634],[-75.5173,4.2731],[-75.5158,4.2815],[-75.5115,4.2869],[-75.5108,4.2921],[-75.5039,4.2995],[-75.505,4.3018],[-75.504,4.3069],[-75.4949,4.3202],[-75.4894,4.3232],[-75.486,4.3337],[-75.4703,4.3419],[-75.462,4.3507],[-75.4564,4.3501],[-75.4419,4.3532],[-75.4317,4.3652],[-75.4263,4.366],[-75.4207,4.3647],[-75.3934,4.3735],[-75.3774,4.3861],[-75.3708,4.3881],[-75.3665,4.3941],[-75.3683,4.3993],[-75.3669,4.4065],[-75.3693,4.419],[-75.3746,4.4181],[-75.376,4.4142],[-75.3765,4.4176],[-75.3745,4.4214],[-75.367,4.4225],[-75.3698,4.4442],[-75.3737,4.4495],[-75.3803,4.4504],[-75.3886,4.4551],[-75.3953,4.4673],[-75.4008,4.4712],[-75.404,4.4821],[-75.4088,4.488],[-75.4077,4.4921],[-75.4096,4.4955],[-75.4078,4.4971],[-75.4081,4.5029],[-75.4063,4.5071],[-75.4084,4.5114],[-75.4096,4.521],[-75.4188,4.5282],[-75.44,4.5282],[-75.4419,4.526],[-75.4543,4.523],[-75.4653,4.5288],[-75.4689,4.5315],[-75.4716,4.5418],[-75.4761,4.5445],[-75.484,4.5545],[-75.4814,4.5603]]]},"properties":{"NOMBRE":"CAJAMARCA"}},{"type":"Feature","geometry":{"type":"Polygon","coordinates":[[[-74.7452,4.22],[-74.7463,4.2219],[-74.7435,4.2243],[-74.7449,4.2258],[-74.7428,4.2286],[-74.7448,4.2294],[-74.7462,4.2379],[-74.7465,4.2434],[-74.7447,4.248],[-74.7559,4.2419],[-74.7677,4.2275],[-74.7735,4.2146],[-74.7773,4.1994],[-74.79,4.1753],[-74.7895,4.1677],[-74.785,4.1551],[-74.785,4.137],[-74.7961,4.1004],[-74.7927,4.0946],[-74.7976,4.0908],[-74.794,4.0748],[-74.7985,4.0564],[-74.7962,4.0405],[-74.7985,4.0268],[-74.7978,4.0255],[-74.7953,4.0261],[-74.7913,4.0181],[-74.7781,4.0124],[-74.7687,4.0238],[-74.7466,4.0434],[-74.7422,4.05],[-74.7415,4.0555],[-74.7351,4.0631],[-74.7242,4.067],[-74.7169,4.0719],[-74.7108,4.0768],[-74.7051,4.0849],[-74.6917,4.0866],[-74.6861,4.0918],[-74.6833,4.0958],[-74.6885,4.0975],[-74.6917,4.1022],[-74.688,4.1107],[-74.6894,4.118],[-74.6876,4.1258],[-74.6849,4.1305],[-74.6784,4.1366],[-74.682,4.139],[-74.6816,4.1429],[-74.6714,4.1512],[-74.6807,4.1604],[-74.6792,4.1641],[-74.6813,4.1638],[-74.6824,4.1609],[-74.6837,4.1627],[-74.6852,4.1623],[-74.6837,4.1665],[-74.6886,4.1694],[-74.6887,4.1714],[-74.6908,4.1722],[-74.6901,4.1701],[-74.6921,4.1697],[-74.696,4.1728],[-74.7,4.1705],[-74.6982,4.1744],[-74.7022,4.1751],[-74.7061,4.173],[-74.7066,4.1745],[-74.7097,4.1748],[-74.7112,4.173],[-74.7146,4.1778],[-74.7141,4.1803],[-74.7163,4.1817],[-74.7165,4.1837],[-74.718,4.1836],[-74.7183,4.1852],[-74.7147,4.1878],[-74.7154,4.1888],[-74.7197,4.1903],[-74.7231,4.1892],[-74.7253,4.1863],[-74.7255,4.1882],[-74.7289,4.1888],[-74.7272,4.19],[-74.7292,4.1917],[-74.7317,4.1907],[-74.7316,4.1939],[-74.735,4.1926],[-74.739,4.1945],[-74.7378,4.198],[-74.7405,4.198],[-74.7399,4.2],[-74.7422,4.2002],[-74.7435,4.2036],[-74.749,4.2014],[-74.7531,4.2029],[-74.7532,4.2056],[-74.7471,4.206],[-74.7486,4.2101],[-74.7478,4.2128],[-74.7498,4.2135],[-74.7504,4.218],[-74.7452,4.22]]]},"properties":{"NOMBRE":"CARMEN DE APICALA"}},{"type":"Feature","geometry":{"type":"Polygon","coordinates":[[[-75.0731,5.1231],[-75.0775,5.1235],[-75.0794,5.1209],[-75.0846,5.1207],[-75.0865,5.1191],[-75.0904,5.1208],[-75.0955,5.1182],[-75.1045,5.118],[-75.1062,5.1159],[-75.1058,5.1123],[-75.112,5.1115],[-75.1135,5.1096],[-75.1127,5.1031],[-75.121,5.0953],[-75.121,5.0926],[-75.1248,5.0916],[-75.1265,5.0933],[-75.1291,5.0932],[-75.1327,5.0917],[-75.1335,5.0876],[-75.1384,5.0853],[-75.1428,5.0875],[-75.1472,5.084],[-75.1457,5.0802],[-75.1471,5.0747],[-75.1491,5.0735],[-75.1481,5.0706],[-75.1495,5.0697],[-75.1464,5.0659],[-75.1476,5.0638],[-75.1506,5.0635],[-75.1519,5.0608],[-75.1581,5.0605],[-75.1611,5.056],[-75.1653,5.0567],[-75.1666,5.0541],[-75.1717,5.0538],[-75.174,5.0507],[-75.1731,5.0464],[-75.1775,5.0403],[-75.1915,5.0296],[-75.1931,5.0244],[-75.199,5.0223],[-75.2036,5.0124],[-75.2071,5.0119],[-75.2077,5.0088],[-75.2127,5.0059],[-75.2142,4.9998],[-75.2276,4.9953],[-75.2393,4.9985],[-75.2436,4.996],[-75.2464,4.9975],[-75.2514,4.9953],[-75.253,4.9969],[-75.2652,4.9899],[-75.2713,4.9892],[-75.2867,4.9787],[-75.2939,4.9777],[-75.2956,4.9751],[-75.3041,4.9762],[-75.3128,4.9707],[-75.3241,4.9676],[-75.3262,4.9626],[-75.3286,4.9613],[-75.3294,4.9579],[-75.3334,4.9535],[-75.3396,4.952],[-75.3426,4.9491],[-75.3428,4.9444],[-75.3457,4.943],[-75.3472,4.9383],[-75.342,4.9345],[-75.3421,4.9266],[-75.339,4.9202],[-75.3397,4.9124],[-75.3376,4.9108],[-75.3349,4.9003],[-75.3186,4.8926],[-75.3149,4.9049],[-75.3004,4.9133],[-75.2995,4.9197],[-75.2911,4.9263],[-75.2864,4.9281],[-75.2813,4.9337],[-75.2755,4.9338],[-75.2695,4.9401],[-75.2655,4.9478],[-75.2571,4.9512],[-75.252,4.9612],[-75.2427,4.9729],[-75.235,4.9752],[-75.2263,4.9721],[-75.2213,4.9733],[-75.2164,4.9754],[-75.2133,4.9818],[-75.2054,4.9824],[-75.2013,4.987],[-75.1961,4.988],[-75.1962,4.99],[-75.1875,4.9947],[-75.182,4.9943],[-75.1785,4.9987],[-75.1731,4.9972],[-75.1675,4.9985],[-75.1644,5.002],[-75.1648,5.0037],[-75.162,5.0052],[-75.1641,5.0088],[-75.1618,5.0119],[-75.1551,5.0119],[-75.1486,5.0163],[-75.1481,5.022],[-75.1451,5.0293],[-75.1428,5.0309],[-75.1436,5.037],[-75.1466,5.0407],[-75.1428,5.041],[-75.1428,5.0442],[-75.1404,5.0467],[-75.1418,5.0514],[-75.1354,5.0543],[-75.1264,5.0514],[-75.1217,5.053],[-75.1214,5.0599],[-75.1161,5.0661],[-75.1123,5.0675],[-75.1043,5.0639],[-75.1038,5.06],[-75.0923,5.0487],[-75.0913,5.0459],[-75.0955,5.0439],[-75.0913,5.0337],[-75.0698,5.0372],[-75.066,5.0316],[-75.0637,5.0364],[-75.0538,5.0467],[-75.0478,5.0468],[-75.0453,5.0541],[-75.0474,5.0548],[-75.0464,5.0594],[-75.0497,5.0647],[-75.0494,5.0675],[-75.052,5.0701],[-75.0574,5.0691],[-75.0581,5.0712],[-75.0635,5.0737],[-75.0654,5.0767],[-75.0621,5.0801],[-75.0601,5.0871],[-75.0564,5.0909],[-75.0549,5.0952],[-75.0533,5.0943],[-75.05,5.0973],[-75.0502,5.0987],[-75.049,5.0979],[-75.0477,5.1005],[-75.0451,5.1011],[-75.0438,5.1054],[-75.0473,5.107],[-75.0431,5.1119],[-75.0422,5.1194],[-75.0433,5.1221],[-75.0468,5.1221],[-75.0491,5.1196],[-75.0616,5.117],[-75.0676,5.1229],[-75.0731,5.1231]]]},"properties":{"NOMBRE":"CASABIANCA"}},{"type":"Feature","geometry":{"type":"Polygon","coordinates":[[[-75.7329,4.0053],[-75.7357,4.0141],[-75.734,4.0204],[-75.7317,4.0217],[-75.732,4.0256],[-75.7395,4.0309],[-75.7457,4.0437],[-75.7621,4.0242],[-75.7695,4.02],[-75.7729,4.0143],[-75.7734,4.0092],[-75.776,4.006],[-75.7802,4.0049],[-75.7833,4.0081],[-75.7872,4.0093],[-75.7919,4.008],[-75.7968,3.9887],[-75.7926,3.985],[-75.7917,3.9708],[-75.7973,3.9604],[-75.8059,3.9528],[-75.8051,3.948],[-75.8091,3.9388],[-75.8072,3.9319],[-75.8119,3.9203],[-75.8161,3.9187],[-75.8222,3.9029],[-75.8285,3.9024],[-75.831,3.9084],[-75.8339,3.9096],[-75.8383,3.9057],[-75.8495,3.8892],[-75.859,3.8803],[-75.8616,3.8741],[-75.8617,3.8631],[-75.8563,3.8576],[-75.8536,3.8518],[-75.8631,3.8477],[-75.8655,3.835],[-75.8711,3.8247],[-75.8806,3.8182],[-75.8848,3.8133],[-75.8935,3.813],[-75.8924,3.8039],[-75.9033,3.7963],[-75.9015,3.7853],[-75.9065,3.7811],[-75.9123,3.7677],[-75.9128,3.7618],[-75.9166,3.758],[-75.9159,3.7522],[-75.9173,3.7489],[-75.9143,3.7457],[-75.9137,3.7416],[-75.91,3.7415],[-75.9046,3.7464],[-75.8949,3.7422],[-75.8898,3.7499],[-75.8861,3.7492],[-75.8814,3.7533],[-75.8694,3.7524],[-75.8585,3.7666],[-75.8532,3.7667],[-75.8496,3.7758],[-75.8445,3.7751],[-75.8421,3.7768],[-75.8366,3.7735],[-75.8307,3.7742],[-75.8263,3.7623],[-75.8233,3.7591],[-75.8251,3.7529],[-75.8228,3.7436],[-75.8249,3.7394],[-75.8244,3.7249],[-75.8222,3.7184],[-75.8191,3.7161],[-75.818,3.7124],[-75.8132,3.7106],[-75.7989,3.6982],[-75.7943,3.6834],[-75.7899,3.6794],[-75.7823,3.6764],[-75.7787,3.6814],[-75.7693,3.6858],[-75.7594,3.6849],[-75.7562,3.6829],[-75.7525,3.6736],[-75.7492,3.6492],[-75.7454,3.6451],[-75.7381,3.6479],[-75.7251,3.6424],[-75.713,3.6474],[-75.7036,3.6493],[-75.6975,3.6528],[-75.6934,3.6516],[-75.6911,3.6487],[-75.6868,3.6478],[-75.6734,3.6352],[-75.6683,3.6279],[-75.6633,3.6247],[-75.6589,3.6185],[-75.6559,3.6234],[-75.6516,3.6236],[-75.6487,3.6198],[-75.6431,3.6178],[-75.6359,3.6115],[-75.632,3.6005],[-75.6323,3.5943],[-75.6288,3.5905],[-75.6268,3.5909],[-75.6281,3.587],[-75.6262,3.5827],[-75.6276,3.579],[-75.6264,3.5758],[-75.6218,3.5781],[-75.6177,3.576],[-75.6149,3.5706],[-75.6098,3.5718],[-75.603,3.5689],[-75.5957,3.5726],[-75.5957,3.5752],[-75.5939,3.5768],[-75.5948,3.5791],[-75.5883,3.5807],[-75.5869,3.5744],[-75.5883,3.5756],[-75.5878,3.5724],[-75.5898,3.5714],[-75.5897,3.5693],[-75.5866,3.5687],[-75.585,3.5661],[-75.5836,3.5669],[-75.5828,3.5639],[-75.5825,3.5613],[-75.5849,3.5598],[-75.5852,3.5525],[-75.5835,3.5511],[-75.5852,3.5504],[-75.5837,3.5476],[-75.5835,3.5405],[-75.5821,3.54],[-75.5817,3.5233],[-75.5797,3.5206],[-75.5806,3.5194],[-75.5793,3.5192],[-75.5803,3.5114],[-75.583,3.5084],[-75.5845,3.5011],[-75.5809,3.4972],[-75.5816,3.4938],[-75.583,3.4935],[-75.5803,3.4873],[-75.5822,3.4843],[-75.5808,3.4802],[-75.5831,3.4695],[-75.5805,3.4671],[-75.5797,3.4634],[-75.5745,3.4656],[-75.5722,3.4642],[-75.5693,3.4667],[-75.5623,3.4628],[-75.5444,3.4633],[-75.5317,3.4692],[-75.5278,3.469],[-75.5197,3.4746],[-75.4954,3.478],[-75.486,3.4845],[-75.48,3.4861],[-75.4727,3.4853],[-75.4703,3.4824],[-75.4657,3.4809],[-75.463,3.4771],[-75.4608,3.4785],[-75.4603,3.4734],[-75.4576,3.4741],[-75.4558,3.4765],[-75.4547,3.4833],[-75.4324,3.5088],[-75.4273,3.5268],[-75.4211,3.534],[-75.417,3.5359],[-75.4214,3.5574],[-75.4149,3.5648],[-75.4128,3.5728],[-75.4047,3.5824],[-75.4,3.5843],[-75.3956,3.5919],[-75.3881,3.5961],[-75.3848,3.6003],[-75.377,3.6017],[-75.3663,3.611],[-75.3666,3.6276],[-75.363,3.6362],[-75.3603,3.6387],[-75.3535,3.6404],[-75.3548,3.6437],[-75.3576,3.6441],[-75.359,3.6461],[-75.358,3.6496],[-75.3545,3.6509],[-75.3554,3.6572],[-75.3542,3.661],[-75.3519,3.6619],[-75.3391,3.6596],[-75.3301,3.6626],[-75.3281,3.6653],[-75.324,3.6637],[-75.3206,3.6668],[-75.3122,3.6666],[-75.3107,3.6712],[-75.3052,3.6756],[-75.3056,3.6796],[-75.303,3.684],[-75.3019,3.6945],[-75.2981,3.6948],[-75.2968,3.6866],[-75.2921,3.6903],[-75.2907,3.6972],[-75.2856,3.7062],[-75.2844,3.7173],[-75.2807,3.7299],[-75.2755,3.739],[-75.2757,3.7423],[-75.2738,3.7449],[-75.2755,3.7484],[-75.27,3.7601],[-75.2718,3.7618],[-75.2761,3.7598],[-75.283,3.7637],[-75.2938,3.7566],[-75.2984,3.7577],[-75.3019,3.7542],[-75.305,3.7589],[-75.3101,3.7569],[-75.3073,3.7995],[-75.3037,3.8065],[-75.3067,3.8073],[-75.3139,3.803],[-75.3201,3.807],[-75.3243,3.8132],[-75.3305,3.8073],[-75.3313,3.8039],[-75.3394,3.8055],[-75.3443,3.802],[-75.3442,3.8066],[-75.35,3.806],[-75.3483,3.8098],[-75.3501,3.8111],[-75.3496,3.8143],[-75.3518,3.813],[-75.3648,3.8292],[-75.375,3.8326],[-75.3823,3.8405],[-75.3883,3.8417],[-75.3923,3.8492],[-75.4018,3.8568],[-75.4019,3.8585],[-75.408,3.8614],[-75.4149,3.8602],[-75.4166,3.8632],[-75.4235,3.863],[-75.4276,3.8673],[-75.4445,3.8697],[-75.4504,3.8448],[-75.459,3.8314],[-75.4596,3.8279],[-75.4643,3.8288],[-75.4687,3.8361],[-75.4679,3.8388],[-75.4726,3.8395],[-75.4787,3.8466],[-75.4851,3.8433],[-75.494,3.8453],[-75.4991,3.8428],[-75.5039,3.8436],[-75.5074,3.8402],[-75.5175,3.8459],[-75.5264,3.8478],[-75.534,3.8543],[-75.544,3.8554],[-75.549,3.8611],[-75.5657,3.8581],[-75.5686,3.8646],[-75.5755,3.8701],[-75.5805,3.8768],[-75.5813,3.8805],[-75.5794,3.8824],[-75.5836,3.8933],[-75.5936,3.898],[-75.6016,3.8973],[-75.602,3.903],[-75.6047,3.9059],[-75.6033,3.9133],[-75.6052,3.915],[-75.6081,3.9256],[-75.6209,3.9282],[-75.624,3.9324],[-75.6263,3.9311],[-75.6323,3.933],[-75.639,3.9305],[-75.646,3.9333],[-75.647,3.9306],[-75.6556,3.9308],[-75.6502,3.9385],[-75.6498,3.9501],[-75.652,3.9541],[-75.6575,3.958],[-75.6637,3.9599],[-75.6676,3.9641],[-75.674,3.965],[-75.6876,3.9631],[-75.6965,3.973],[-75.7027,3.9765],[-75.7128,3.9783],[-75.7172,3.9818],[-75.7265,3.9998],[-75.7329,4.0053]]]},"properties":{"NOMBRE":"CHAPARRAL"}},{"type":"Feature","geometry":{"type":"Polygon","coordinates":[[[-74.8522,4.5022],[-74.8462,4.5094],[-74.8467,4.5149],[-74.8593,4.5018],[-74.8709,4.504],[-74.8791,4.4973],[-74.8951,4.4933],[-74.9198,4.4795],[-74.9228,4.4719],[-74.9212,4.4695],[-74.906,4.4789],[-74.9013,4.4801],[-74.8986,4.4795],[-74.8991,4.4776],[-74.8971,4.4764],[-74.8956,4.4701],[-74.8967,4.466],[-74.8997,4.4644],[-74.9044,4.4571],[-74.9002,4.4489],[-74.9014,4.4443],[-74.8985,4.4436],[-74.9003,4.4432],[-74.9078,4.4214],[-74.9072,4.4162],[-74.9099,4.4123],[-74.9093,4.4024],[-74.9107,4.3994],[-74.9141,4.3981],[-74.9168,4.3922],[-74.9162,4.3886],[-74.9195,4.3859],[-74.9189,4.3843],[-74.9215,4.3828],[-74.9248,4.3842],[-74.9261,4.3762],[-74.9237,4.3689],[-74.9276,4.3633],[-74.9342,4.3658],[-74.939,4.3615],[-74.9362,4.3686],[-74.9333,4.37],[-74.9347,4.3792],[-74.936,4.38],[-74.9491,4.3642],[-74.9653,4.3623],[-74.97,4.3458],[-74.9748,4.3435],[-74.9773,4.3382],[-74.9819,4.3343],[-74.9815,4.3294],[-74.9831,4.3281],[-74.9865,4.3134],[-74.9927,4.3084],[-74.9952,4.3032],[-75.0048,4.2965],[-75.0076,4.2992],[-75.0082,4.303],[-75.006,4.3079],[-75.0023,4.3109],[-75.0043,4.3191],[-75.0036,4.3228],[-75.0116,4.3267],[-75.0173,4.3268],[-75.02,4.3239],[-75.0239,4.3266],[-75.027,4.3256],[-75.0265,4.3168],[-75.0295,4.3137],[-75.0279,4.3094],[-75.0306,4.3062],[-75.0292,4.3049],[-75.0295,4.3024],[-75.0344,4.2944],[-75.0349,4.2853],[-75.0324,4.2821],[-75.0282,4.2804],[-75.0288,4.2822],[-75.0271,4.2827],[-75.0206,4.2791],[-75.0215,4.2742],[-75.02,4.2722],[-75.0165,4.2715],[-75.0167,4.2676],[-75.0089,4.2602],[-75.0055,4.2603],[-75.0027,4.2635],[-75.0002,4.262],[-74.998,4.2479],[-74.9951,4.248],[-74.993,4.2456],[-74.9878,4.2441],[-74.9858,4.2406],[-74.9821,4.2387],[-74.9728,4.2103],[-74.9708,4.2105],[-74.9682,4.2147],[-74.9617,4.2154],[-74.9549,4.2084],[-74.9466,4.2089],[-74.944,4.2114],[-74.935,4.214],[-74.9281,4.2195],[-74.926,4.2246],[-74.9219,4.2249],[-74.9189,4.2306],[-74.9191,4.2368],[-74.9173,4.2379],[-74.9142,4.2355],[-74.9105,4.2358],[-74.9108,4.2395],[-74.9148,4.2474],[-74.9083,4.2494],[-74.9074,4.2547],[-74.9043,4.2557],[-74.9023,4.254],[-74.9002,4.2573],[-74.9013,4.264],[-74.8966,4.2737],[-74.9007,4.2765],[-74.8971,4.279],[-74.8967,4.2867],[-74.8935,4.2883],[-74.8952,4.289],[-74.8898,4.2913],[-74.8833,4.3004],[-74.8743,4.3045],[-74.8742,4.3097],[-74.8829,4.3088],[-74.8848,4.3109],[-74.8837,4.3171],[-74.878,4.3189],[-74.8742,4.3247],[-74.8647,4.3328],[-74.8576,4.3334],[-74.8561,4.3349],[-74.856,4.3434],[-74.8526,4.3527],[-74.8523,4.3585],[-74.8545,4.367],[-74.8401,4.3791],[-74.838,4.3977],[-74.8327,4.4053],[-74.8353,4.4124],[-74.8309,4.4231],[-74.834,4.4311],[-74.8326,4.4448],[-74.8288,4.4465],[-74.8153,4.4458],[-74.8081,4.4526],[-74.8043,4.4608],[-74.8012,4.4842],[-74.7964,4.4956],[-74.8024,4.4959],[-74.806,4.494],[-74.8127,4.4966],[-74.8203,4.4934],[-74.8214,4.4909],[-74.8249,4.4942],[-74.8287,4.4947],[-74.8324,4.4974],[-74.8344,4.5065],[-74.8325,4.5128],[-74.853,4.498],[-74.8522,4.5022]]]},"properties":{"NOMBRE":"COELLO"}},{"type":"Feature","geometry":{"type":"Polygon","coordinates":[[[-75.1017,3.8875],[-75.1041,3.9071],[-75.1062,3.9106],[-75.1129,3.9044],[-75.1144,3.896],[-75.1192,3.8875],[-75.1395,3.8859],[-75.1485,3.8826],[-75.1489,3.8796],[-75.1579,3.8797],[-75.163,3.8779],[-75.1615,3.8731],[-75.1623,3.8629],[-75.1634,3.8616],[-75.1679,3.864],[-75.1733,3.8593],[-75.1846,3.8549],[-75.1864,3.8488],[-75.1929,3.8433],[-75.1953,3.8348],[-75.192,3.8291],[-75.192,3.8192],[-75.1956,3.8102],[-75.1956,3.8048],[-75.1972,3.8004],[-75.2022,3.7962],[-75.2028,3.7883],[-75.2112,3.7805],[-75.2172,3.7678],[-75.2273,3.7653],[-75.2341,3.7772],[-75.2407,3.78],[-75.2482,3.7778],[-75.2493,3.7744],[-75.2436,3.7654],[-75.25,3.7662],[-75.2531,3.763],[-75.2607,3.7622],[-75.2652,3.755],[-75.2701,3.752],[-75.2807,3.7299],[-75.2844,3.7173],[-75.2856,3.7062],[-75.2907,3.6972],[-75.2921,3.6903],[-75.2968,3.6866],[-75.2981,3.6948],[-75.3016,3.695],[-75.303,3.684],[-75.3056,3.6796],[-75.3054,3.6751],[-75.3107,3.6712],[-75.3122,3.6666],[-75.3215,3.6662],[-75.3241,3.6637],[-75.3253,3.6584],[-75.327,3.6576],[-75.3312,3.6478],[-75.3285,3.6468],[-75.3244,3.6416],[-75.3242,3.6308],[-75.3216,3.6316],[-75.3204,3.6303],[-75.3131,3.6132],[-75.309,3.611],[-75.2999,3.6124],[-75.2993,3.6106],[-75.2885,3.609],[-75.2856,3.6029],[-75.2833,3.6016],[-75.2845,3.5985],[-75.2823,3.596],[-75.2841,3.5939],[-75.2833,3.5893],[-75.2785,3.5882],[-75.2755,3.5841],[-75.2609,3.5745],[-75.2592,3.5708],[-75.2519,3.5677],[-75.2504,3.5649],[-75.2472,3.5683],[-75.2483,3.5759],[-75.246,3.5795],[-75.2465,3.5826],[-75.2487,3.5833],[-75.2486,3.5904],[-75.2403,3.5922],[-75.2405,3.5962],[-75.2384,3.5959],[-75.237,3.6009],[-75.2338,3.5977],[-75.2255,3.5955],[-75.2277,3.5987],[-75.2228,3.6043],[-75.2253,3.6074],[-75.2285,3.6075],[-75.2298,3.6115],[-75.2323,3.612],[-75.2332,3.6165],[-75.2273,3.6217],[-75.2246,3.6216],[-75.2262,3.6248],[-75.2285,3.6256],[-75.2259,3.6321],[-75.2188,3.6332],[-75.2178,3.6346],[-75.2171,3.6334],[-75.2109,3.633],[-75.2058,3.6343],[-75.1946,3.6287],[-75.1936,3.6196],[-75.1899,3.6198],[-75.1788,3.6296],[-75.1757,3.6303],[-75.1734,3.6349],[-75.1669,3.6393],[-75.1604,3.6519],[-75.1626,3.6566],[-75.1602,3.6569],[-75.1528,3.6628],[-75.1495,3.668],[-75.1424,3.6677],[-75.1407,3.6767],[-75.1385,3.683],[-75.1354,3.6859],[-75.1334,3.6944],[-75.1272,3.6952],[-75.1212,3.6936],[-75.1189,3.6958],[-75.1111,3.6906],[-75.0971,3.686],[-75.0906,3.6794],[-75.0937,3.6786],[-75.0942,3.6763],[-75.0943,3.6724],[-75.0906,3.6683],[-75.093,3.6662],[-75.0855,3.6621],[-75.0838,3.6629],[-75.0805,3.6611],[-75.0776,3.6644],[-75.0775,3.6676],[-75.0747,3.6686],[-75.0748,3.6728],[-75.069,3.6609],[-75.0598,3.6616],[-75.0551,3.6607],[-75.0523,3.6583],[-75.0504,3.661],[-75.0488,3.6612],[-75.0481,3.6594],[-75.0466,3.6617],[-75.0417,3.6634],[-75.0403,3.6612],[-75.038,3.661],[-75.0373,3.6688],[-75.0386,3.6732],[-75.0369,3.6768],[-75.0295,3.6796],[-75.0238,3.688],[-75.0167,3.6884],[-75.0062,3.6975],[-75.0019,3.6985],[-74.9985,3.703],[-74.987,3.7075],[-74.9745,3.7214],[-74.9756,3.725],[-74.981,3.7296],[-74.9782,3.746],[-74.9808,3.7504],[-74.9903,3.7577],[-74.9908,3.7604],[-75.006,3.7823],[-75.0081,3.7829],[-75.0077,3.7865],[-75.0102,3.7884],[-75.0106,3.7935],[-75.0353,3.8155],[-75.0331,3.8197],[-75.0377,3.8244],[-75.04,3.8241],[-75.0448,3.8296],[-75.0548,3.8328],[-75.057,3.8363],[-75.059,3.8351],[-75.0607,3.8401],[-75.0636,3.8412],[-75.0647,3.844],[-75.0707,3.8431],[-75.0776,3.847],[-75.0752,3.8662],[-75.0792,3.8668],[-75.0818,3.8631],[-75.0859,3.861],[-75.0871,3.8634],[-75.0937,3.8675],[-75.0987,3.869],[-75.0988,3.8793],[-75.1017,3.8875]]]},"properties":{"NOMBRE":"COYAIMA"}},{"type":"Feature","geometry":{"type":"Polygon","coordinates":[[[-74.6299,4.1217],[-74.6328,4.1269],[-74.6301,4.1322],[-74.6326,4.1312],[-74.6425,4.1207],[-74.6651,4.1044],[-74.6797,4.0964],[-74.6833,4.0958],[-74.6917,4.0866],[-74.7051,4.0849],[-74.7138,4.0743],[-74.7242,4.067],[-74.7351,4.0631],[-74.7401,4.0578],[-74.7422,4.05],[-74.7466,4.0434],[-74.7711,4.0215],[-74.783,4.0066],[-74.7949,3.9861],[-74.8054,3.9777],[-74.8076,3.9653],[-74.8055,3.9572],[-74.8029,3.9557],[-74.8056,3.9539],[-74.8073,3.9365],[-74.8176,3.909],[-74.8259,3.895],[-74.8213,3.8925],[-74.8177,3.8877],[-74.8162,3.8772],[-74.814,3.8781],[-74.8133,3.8805],[-74.8087,3.8816],[-74.8008,3.8776],[-74.7999,3.8724],[-74.7973,3.8709],[-74.789,3.8808],[-74.7916,3.884],[-74.7908,3.8852],[-74.7821,3.8916],[-74.7808,3.9001],[-74.7773,3.9026],[-74.7769,3.9052],[-74.7751,3.9057],[-74.7749,3.9034],[-74.7732,3.9057],[-74.7678,3.9053],[-74.767,3.9031],[-74.7701,3.9004],[-74.7711,3.8947],[-74.7673,3.893],[-74.7641,3.8936],[-74.7613,3.8875],[-74.7625,3.885],[-74.761,3.8851],[-74.7559,3.88],[-74.7607,3.8749],[-74.7581,3.8686],[-74.7591,3.8647],[-74.7522,3.8553],[-74.7477,3.8542],[-74.7442,3.8493],[-74.7378,3.8448],[-74.732,3.8431],[-74.7254,3.8349],[-74.7205,3.8192],[-74.7074,3.8013],[-74.6909,3.8108],[-74.6973,3.821],[-74.6972,3.8278],[-74.6929,3.8429],[-74.6985,3.8468],[-74.7002,3.8503],[-74.6963,3.8596],[-74.6981,3.8657],[-74.7007,3.8668],[-74.7024,3.8702],[-74.7016,3.8742],[-74.6974,3.8777],[-74.6827,3.8797],[-74.6813,3.8849],[-74.676,3.885],[-74.6731,3.8882],[-74.6705,3.8876],[-74.6685,3.8905],[-74.6676,3.9015],[-74.6621,3.9003],[-74.6592,3.9169],[-74.6538,3.9195],[-74.6572,3.9246],[-74.657,3.9309],[-74.6604,3.9348],[-74.6617,3.9451],[-74.6645,3.9483],[-74.6665,3.9475],[-74.6685,3.9497],[-74.666,3.9527],[-74.6432,3.9679],[-74.6409,3.9709],[-74.6434,3.9739],[-74.6401,3.9795],[-74.6403,3.9833],[-74.6348,3.9805],[-74.6348,3.9774],[-74.6297,3.978],[-74.622,3.9851],[-74.6162,3.9939],[-74.6118,3.9956],[-74.5919,3.9816],[-74.5599,3.978],[-74.5385,3.972],[-74.5313,3.9759],[-74.5418,3.9761],[-74.5461,3.9872],[-74.5435,3.9906],[-74.544,4.0064],[-74.5415,4.0213],[-74.5467,4.0285],[-74.5507,4.0386],[-74.5577,4.0459],[-74.5586,4.0502],[-74.564,4.0535],[-74.5603,4.0597],[-74.561,4.068],[-74.5719,4.0767],[-74.5763,4.0828],[-74.586,4.0817],[-74.5887,4.0843],[-74.5993,4.0849],[-74.6086,4.0948],[-74.6223,4.0995],[-74.6256,4.0982],[-74.6236,4.1021],[-74.6281,4.1138],[-74.6266,4.1202],[-74.6299,4.1217]]]},"properties":{"NOMBRE":"CUNDAY"}},{"type":"Feature","geometry":{"type":"Polygon","coordinates":[[[-74.5415,3.8333],[-74.5538,3.8318],[-74.5596,3.829],[-74.565,3.8237],[-74.5773,3.8058],[-74.5902,3.7747],[-74.6151,3.7445],[-74.6176,3.7386],[-74.6437,3.7158],[-74.6689,3.6979],[-74.692,3.7002],[-74.6979,3.7041],[-74.6991,3.707],[-74.699,3.7192],[-74.7039,3.7268],[-74.7106,3.754],[-74.7003,3.7734],[-74.7013,3.7753],[-74.7082,3.7706],[-74.7082,3.7685],[-74.7169,3.7602],[-74.7199,3.7506],[-74.7219,3.7497],[-74.7287,3.7373],[-74.7269,3.7345],[-74.7286,3.7305],[-74.733,3.727],[-74.7405,3.7279],[-74.7462,3.7262],[-74.7496,3.7222],[-74.7501,3.7145],[-74.7536,3.7111],[-74.7602,3.7102],[-74.7615,3.7006],[-74.7662,3.6924],[-74.765,3.687],[-74.7728,3.6865],[-74.7754,3.6791],[-74.7839,3.6702],[-74.7909,3.6678],[-74.7945,3.6723],[-74.7967,3.6724],[-74.8022,3.6706],[-74.8092,3.6624],[-74.8236,3.6591],[-74.8285,3.6596],[-74.8341,3.6572],[-74.8543,3.6614],[-74.8619,3.6533],[-74.8706,3.6568],[-74.8711,3.6596],[-74.8737,3.6619],[-74.8821,3.658],[-74.893,3.6574],[-74.9009,3.6665],[-74.9073,3.6679],[-74.9115,3.665],[-74.9139,3.6588],[-74.9245,3.6479],[-74.9241,3.6438],[-74.9173,3.6377],[-74.9177,3.6325],[-74.9228,3.6241],[-74.9293,3.6198],[-74.9307,3.6107],[-74.9359,3.6055],[-74.9409,3.5967],[-74.9426,3.5911],[-74.9408,3.5829],[-74.9416,3.5801],[-74.9478,3.5715],[-74.9599,3.5711],[-74.9603,3.5682],[-74.9644,3.5642],[-74.9726,3.5618],[-74.977,3.5537],[-74.9808,3.5519],[-74.9831,3.5468],[-74.9907,3.5408],[-74.9951,3.5345],[-74.9946,3.5269],[-74.9959,3.5235],[-74.9943,3.5167],[-74.9959,3.5093],[-74.9921,3.5045],[-74.9733,3.5011],[-74.9726,3.4962],[-74.9676,3.488],[-74.9646,3.4881],[-74.9623,3.4864],[-74.9621,3.484],[-74.9531,3.4801],[-74.951,3.4768],[-74.9467,3.4776],[-74.9446,3.4763],[-74.9361,3.4803],[-74.9363,3.485],[-74.9327,3.4877],[-74.9338,3.49],[-74.9327,3.4945],[-74.9297,3.4984],[-74.9253,3.4938],[-74.9174,3.4942],[-74.9169,3.492],[-74.9119,3.4932],[-74.9094,3.4916],[-74.9061,3.4937],[-74.9024,3.4898],[-74.8989,3.4927],[-74.8955,3.4933],[-74.8925,3.4996],[-74.8885,3.5023],[-74.884,3.5009],[-74.8798,3.5065],[-74.8716,3.5066],[-74.8687,3.5087],[-74.866,3.5074],[-74.8589,3.5117],[-74.852,3.5116],[-74.8458,3.5094],[-74.8391,3.5018],[-74.8303,3.4962],[-74.8285,3.4892],[-74.8378,3.4741],[-74.8484,3.4626],[-74.8516,3.4542],[-74.8394,3.4456],[-74.8321,3.4355],[-74.8285,3.4341],[-74.8266,3.4313],[-74.8278,3.4289],[-74.8242,3.4246],[-74.8237,3.4203],[-74.8203,3.4143],[-74.8144,3.4139],[-74.8109,3.4109],[-74.81,3.4123],[-74.806,3.4127],[-74.8051,3.4155],[-74.798,3.4181],[-74.7925,3.4229],[-74.7849,3.4253],[-74.7764,3.4359],[-74.7649,3.4404],[-74.7642,3.4477],[-74.7617,3.4509],[-74.7619,3.4547],[-74.7653,3.4567],[-74.7648,3.4597],[-74.7732,3.4656],[-74.7757,3.4719],[-74.7809,3.4789],[-74.7798,3.4843],[-74.783,3.4931],[-74.7792,3.5068],[-74.7807,3.5098],[-74.7776,3.5121],[-74.775,3.5188],[-74.775,3.5237],[-74.769,3.5304],[-74.758,3.5321],[-74.7539,3.5314],[-74.7521,3.5282],[-74.7476,3.5279],[-74.7388,3.536],[-74.7332,3.5474],[-74.7288,3.5516],[-74.7272,3.5574],[-74.727,3.5623],[-74.7341,3.5666],[-74.733,3.5705],[-74.7364,3.5815],[-74.7396,3.5815],[-74.7386,3.5908],[-74.7297,3.5978],[-74.726,3.6028],[-74.7251,3.6089],[-74.7207,3.6139],[-74.7173,3.6152],[-74.712,3.6107],[-74.7009,3.6158],[-74.6989,3.6262],[-74.6995,3.6351],[-74.6976,3.6414],[-74.6943,3.6417],[-74.6899,3.6465],[-74.6892,3.6522],[-74.6781,3.6638],[-74.6755,3.6718],[-74.6725,3.6711],[-74.668,3.6738],[-74.6639,3.6732],[-74.6582,3.6816],[-74.6474,3.6831],[-74.6451,3.6867],[-74.6408,3.6876],[-74.6407,3.6899],[-74.6379,3.6899],[-74.6318,3.6958],[-74.6248,3.6988],[-74.6145,3.7126],[-74.6077,3.7189],[-74.5841,3.7363],[-74.5657,3.7471],[-74.5667,3.7491],[-74.5652,3.7529],[-74.5612,3.7524],[-74.5611,3.7569],[-74.5566,3.7644],[-74.5574,3.7677],[-74.5555,3.7736],[-74.5502,3.7817],[-74.5465,3.7978],[-74.5378,3.8067],[-74.5393,3.8172],[-74.5349,3.8241],[-74.5343,3.8286],[-74.5352,3.8309],[-74.5415,3.8333]]]},"properties":{"NOMBRE":"DOLORES"}},{"type":"Feature","geometry":{"type":"Polygon","coordinates":[[[-74.9069,4.2474],[-74.9083,4.2494],[-74.9148,4.2474],[-74.9108,4.2395],[-74.9105,4.2358],[-74.9142,4.2355],[-74.9173,4.2379],[-74.9191,4.2368],[-74.9189,4.2306],[-74.9219,4.2249],[-74.926,4.2246],[-74.9281,4.2195],[-74.935,4.214],[-74.944,4.2114],[-74.9484,4.2084],[-74.9549,4.2084],[-74.9617,4.2154],[-74.9682,4.2147],[-74.9708,4.2105],[-74.9728,4.2103],[-74.9821,4.2387],[-74.9858,4.2406],[-74.9878,4.2441],[-74.993,4.2456],[-74.9951,4.248],[-74.998,4.2479],[-74.9995,4.244],[-75.007,4.2365],[-75.0014,4.2336],[-75,4.2308],[-74.9999,4.2218],[-74.9918,4.2084],[-74.9872,4.1932],[-74.9796,4.1826],[-74.9798,4.1804],[-74.9728,4.1724],[-74.9641,4.1669],[-74.9598,4.1622],[-74.955,4.1529],[-74.9473,4.1438],[-74.944,4.1325],[-74.9401,4.1288],[-74.9369,4.1224],[-74.932,4.1191],[-74.925,4.1186],[-74.9112,4.1138],[-74.903,4.1043],[-74.9,4.1027],[-74.8923,4.1023],[-74.8904,4.0993],[-74.8831,4.0994],[-74.8795,4.0967],[-74.8772,4.0974],[-74.8731,4.0953],[-74.8698,4.0969],[-74.8644,4.093],[-74.8618,4.0928],[-74.8592,4.0892],[-74.8524,4.092],[-74.8494,4.0908],[-74.847,4.0955],[-74.8428,4.0932],[-74.8399,4.0948],[-74.8397,4.0927],[-74.8381,4.0924],[-74.8333,4.0934],[-74.8327,4.0912],[-74.8283,4.0904],[-74.823,4.1009],[-74.8114,4.1095],[-74.8109,4.1126],[-74.8142,4.1301],[-74.812,4.1368],[-74.8056,4.1462],[-74.8053,4.1561],[-74.8085,4.1645],[-74.8174,4.1764],[-74.819,4.1835],[-74.8186,4.1862],[-74.8115,4.1918],[-74.8126,4.193],[-74.8154,4.1913],[-74.8225,4.1906],[-74.8254,4.1953],[-74.8332,4.194],[-74.8487,4.1868],[-74.8593,4.1966],[-74.8631,4.1889],[-74.8688,4.1927],[-74.8687,4.1948],[-74.8635,4.2054],[-74.8585,4.2268],[-74.8726,4.2287],[-74.8756,4.237],[-74.8782,4.2376],[-74.8784,4.2397],[-74.8815,4.2402],[-74.881,4.2432],[-74.8823,4.2444],[-74.8904,4.2401],[-74.8952,4.2308],[-74.8995,4.2304],[-74.8985,4.2341],[-74.9001,4.2392],[-74.9029,4.2395],[-74.9043,4.2424],[-74.907,4.2417],[-74.9069,4.2474]]]},"properties":{"NOMBRE":"ESPINAL"}},{"type":"Feature","geometry":{"type":"Polygon","coordinates":[[[-74.9508,5.1733],[-74.9522,5.1751],[-74.9549,5.1723],[-74.9576,5.1727],[-74.9591,5.17],[-74.9661,5.1702],[-74.9645,5.1626],[-74.9708,5.1607],[-74.9734,5.148],[-74.9786,5.1521],[-74.9812,5.1514],[-74.9827,5.149],[-74.9892,5.1486],[-74.9944,5.1458],[-74.9938,5.1348],[-74.9836,5.1244],[-74.9877,5.0871],[-74.9846,5.0842],[-74.9852,5.0826],[-74.9831,5.0822],[-74.9817,5.0769],[-74.9903,5.0682],[-74.9909,5.0639],[-74.9876,5.0549],[-74.9892,5.0539],[-74.9925,5.0551],[-74.9944,5.058],[-75.0038,5.0596],[-75.0079,5.0581],[-75.0106,5.0546],[-75.0118,5.0563],[-75.015,5.0565],[-75.0164,5.0549],[-75.0178,5.0555],[-75.0182,5.0536],[-75.0247,5.0549],[-75.0245,5.0512],[-75.0293,5.0464],[-75.0387,5.0487],[-75.0453,5.0541],[-75.0478,5.0468],[-75.0531,5.0473],[-75.0639,5.0361],[-75.066,5.0316],[-75.0645,5.0294],[-75.0496,5.0282],[-75.0485,5.0226],[-75.0434,5.0158],[-75.0341,5.017],[-75.0251,5.0119],[-75.0206,5.0145],[-75.019,5.013],[-75.0132,5.0137],[-75.0107,5.0098],[-75.0053,5.0065],[-75.002,5.0089],[-75.0003,5.0081],[-74.9984,5.0125],[-74.9942,5.0116],[-74.9924,5.0164],[-74.9877,5.0175],[-74.9838,5.0241],[-74.9788,5.0218],[-74.9796,5.0185],[-74.974,5.0195],[-74.9724,5.0131],[-74.9694,5.0126],[-74.9658,5.0152],[-74.9624,5.0144],[-74.9602,5.0199],[-74.9581,5.0184],[-74.9525,5.0206],[-74.9487,5.0189],[-74.946,5.0228],[-74.9393,5.0254],[-74.9341,5.0252],[-74.9311,5.0272],[-74.9242,5.024],[-74.916,5.0307],[-74.9111,5.0298],[-74.9078,5.0321],[-74.9074,5.037],[-74.9006,5.0326],[-74.8977,5.0287],[-74.8942,5.03],[-74.8944,5.0346],[-74.8921,5.0393],[-74.8949,5.0489],[-74.8925,5.0512],[-74.8921,5.0575],[-74.8958,5.0585],[-74.8939,5.061],[-74.8986,5.065],[-74.8934,5.0664],[-74.8905,5.0694],[-74.8885,5.0661],[-74.8869,5.0662],[-74.8834,5.0717],[-74.8885,5.0722],[-74.8881,5.0781],[-74.892,5.0805],[-74.8896,5.0869],[-74.8924,5.0861],[-74.8928,5.0893],[-74.8952,5.0877],[-74.8968,5.0889],[-74.8965,5.0925],[-74.8903,5.0938],[-74.8914,5.0986],[-74.8944,5.0998],[-74.8954,5.0952],[-74.899,5.0941],[-74.9036,5.098],[-74.9024,5.1031],[-74.9048,5.1093],[-74.9029,5.1124],[-74.9033,5.1175],[-74.9014,5.1224],[-74.9044,5.1249],[-74.9027,5.1287],[-74.9045,5.1353],[-74.9017,5.1393],[-74.9023,5.1419],[-74.8985,5.1441],[-74.899,5.1493],[-74.8967,5.152],[-74.8975,5.155],[-74.9081,5.1599],[-74.9167,5.1497],[-74.9294,5.1503],[-74.9352,5.1567],[-74.9416,5.1554],[-74.9494,5.1601],[-74.9492,5.1691],[-74.9508,5.1733]]]},"properties":{"NOMBRE":"FALAN"}},{"type":"Feature","geometry":{"type":"Polygon","coordinates":[[[-74.8061,4.2856],[-74.8089,4.2874],[-74.8107,4.2926],[-74.8129,4.2943],[-74.8256,4.2849],[-74.8313,4.2775],[-74.836,4.275],[-74.8566,4.2684],[-74.8633,4.2695],[-74.8691,4.2663],[-74.8766,4.2655],[-74.8792,4.2659],[-74.8838,4.275],[-74.8853,4.2825],[-74.8901,4.2865],[-74.8898,4.2913],[-74.8952,4.289],[-74.8935,4.2883],[-74.8967,4.2867],[-74.8971,4.279],[-74.9007,4.2765],[-74.8966,4.2737],[-74.9013,4.264],[-74.9002,4.2573],[-74.9023,4.254],[-74.9048,4.2558],[-74.9081,4.2533],[-74.9083,4.2494],[-74.9063,4.2458],[-74.9072,4.242],[-74.9043,4.2424],[-74.9029,4.2395],[-74.9001,4.2392],[-74.8985,4.2338],[-74.8999,4.2307],[-74.8966,4.2302],[-74.8904,4.2401],[-74.8823,4.2444],[-74.881,4.2432],[-74.8815,4.2402],[-74.8784,4.2397],[-74.8782,4.2376],[-74.8756,4.237],[-74.8726,4.2287],[-74.8585,4.2268],[-74.8635,4.2054],[-74.8687,4.1948],[-74.8688,4.1927],[-74.8631,4.1889],[-74.8593,4.1966],[-74.8516,4.1885],[-74.8479,4.1867],[-74.8332,4.194],[-74.8254,4.1953],[-74.8227,4.1907],[-74.8181,4.1908],[-74.8126,4.193],[-74.8115,4.1918],[-74.8039,4.1961],[-74.801,4.2035],[-74.8024,4.2085],[-74.801,4.216],[-74.7968,4.2211],[-74.7952,4.2466],[-74.7939,4.2493],[-74.7871,4.2546],[-74.7772,4.2732],[-74.7766,4.2791],[-74.7783,4.283],[-74.784,4.2849],[-74.7852,4.2875],[-74.7882,4.2883],[-74.797,4.2885],[-74.8061,4.2856]]]},"properties":{"NOMBRE":"FLANDES"}},{"type":"Feature","geometry":{"type":"Polygon","coordinates":[[[-75.0085,5.2916],[-75.0103,5.2934],[-75.0156,5.2893],[-75.0215,5.2886],[-75.0235,5.2866],[-75.0285,5.2885],[-75.0308,5.2843],[-75.0296,5.2827],[-75.0312,5.2788],[-75.0368,5.2765],[-75.0455,5.2774],[-75.0574,5.2753],[-75.0641,5.2608],[-75.0616,5.2564],[-75.0638,5.2543],[-75.0633,5.2518],[-75.0666,5.2476],[-75.0721,5.2478],[-75.0727,5.2454],[-75.0754,5.2435],[-75.0804,5.2317],[-75.0839,5.2279],[-75.0851,5.223],[-75.0908,5.221],[-75.0918,5.2161],[-75.0967,5.2135],[-75.1012,5.2039],[-75.1035,5.2023],[-75.107,5.193],[-75.1062,5.1857],[-75.1141,5.1811],[-75.1131,5.1784],[-75.1157,5.1737],[-75.1148,5.1695],[-75.1159,5.1665],[-75.1128,5.1657],[-75.1127,5.1632],[-75.1197,5.1592],[-75.1252,5.1601],[-75.1303,5.1557],[-75.135,5.1579],[-75.1376,5.1576],[-75.1391,5.154],[-75.1399,5.1379],[-75.1364,5.1353],[-75.1381,5.1318],[-75.1363,5.1308],[-75.1358,5.1242],[-75.1307,5.1226],[-75.1307,5.1201],[-75.1262,5.1194],[-75.1285,5.1147],[-75.1288,5.1095],[-75.1267,5.101],[-75.1276,5.0934],[-75.1251,5.0917],[-75.121,5.0926],[-75.121,5.0953],[-75.113,5.1026],[-75.1137,5.1094],[-75.112,5.1115],[-75.1058,5.1123],[-75.1062,5.1159],[-75.1045,5.118],[-75.0955,5.1182],[-75.0904,5.1208],[-75.0863,5.1192],[-75.0846,5.1207],[-75.0794,5.1209],[-75.0766,5.1236],[-75.0679,5.123],[-75.0616,5.117],[-75.0491,5.1196],[-75.0471,5.1221],[-75.0437,5.1218],[-75.0356,5.1306],[-75.0281,5.1307],[-75.0232,5.1366],[-75.0232,5.1387],[-75.0141,5.142],[-75.0129,5.144],[-75.0054,5.1461],[-75.0004,5.1432],[-74.9892,5.1486],[-74.9827,5.149],[-74.9812,5.1514],[-74.9786,5.1521],[-74.9734,5.148],[-74.9708,5.1607],[-74.9645,5.1626],[-74.9656,5.1703],[-74.9691,5.1742],[-74.9739,5.1773],[-74.9777,5.1766],[-74.9735,5.1829],[-74.9746,5.1885],[-74.9778,5.1911],[-74.9715,5.2039],[-74.9785,5.2014],[-74.9824,5.2133],[-74.9829,5.2201],[-74.9912,5.226],[-74.9971,5.2232],[-75,5.2237],[-75.0095,5.2368],[-75.0078,5.2505],[-75.0086,5.2571],[-75.0062,5.2622],[-75.0064,5.2658],[-74.9976,5.2732],[-74.9956,5.279],[-74.9967,5.282],[-75.0024,5.2857],[-75.0002,5.2917],[-75.0085,5.2916]]]},"properties":{"NOMBRE":"FRESNO"}},{"type":"Feature","geometry":{"type":"Polygon","coordinates":[[[-75.0284,4.2324],[-75.0345,4.2461],[-75.0337,4.2584],[-75.0358,4.2625],[-75.0388,4.2599],[-75.0393,4.2526],[-75.0424,4.2445],[-75.0412,4.2355],[-75.0436,4.2322],[-75.0442,4.2255],[-75.0472,4.2231],[-75.0507,4.2167],[-75.0509,4.2057],[-75.0579,4.1904],[-75.0665,4.164],[-75.0754,4.1481],[-75.0832,4.1399],[-75.0817,4.1375],[-75.077,4.1413],[-75.0761,4.1385],[-75.0795,4.1344],[-75.0775,4.133],[-75.0773,4.1302],[-75.0796,4.1289],[-75.0749,4.1241],[-75.076,4.1227],[-75.0779,4.1241],[-75.0785,4.1206],[-75.076,4.1187],[-75.0786,4.1165],[-75.0775,4.1155],[-75.0793,4.111],[-75.069,4.1116],[-75.0671,4.1072],[-75.065,4.1112],[-75.0634,4.1112],[-75.055,4.1019],[-75.0585,4.0962],[-75.0721,4.0837],[-75.0722,4.0816],[-75.0671,4.0749],[-75.0668,4.071],[-75.0724,4.0699],[-75.0752,4.0717],[-75.0746,4.0683],[-75.0707,4.0658],[-75.0782,4.065],[-75.0799,4.0611],[-75.0802,4.0394],[-75.0854,4.0243],[-75.082,4.0217],[-75.0795,4.0162],[-75.0761,4.0147],[-75.0721,4.008],[-75.0672,4.0045],[-75.0659,3.9977],[-75.0631,3.9947],[-75.0618,3.9862],[-75.0393,4.0004],[-75.0277,4.0047],[-75.0088,3.9956],[-75.0086,3.9895],[-75.005,3.9797],[-75.0023,3.9783],[-74.9986,3.9691],[-74.9937,3.9664],[-74.9891,3.9543],[-74.9761,3.9512],[-74.9768,3.9486],[-74.9681,3.9414],[-74.9655,3.9411],[-74.951,3.9489],[-74.9315,3.9492],[-74.926,3.9529],[-74.9236,3.9575],[-74.9234,3.96],[-74.9275,3.9664],[-74.9226,3.9734],[-74.922,3.9779],[-74.9124,3.9778],[-74.9024,3.9896],[-74.8953,3.9936],[-74.8909,3.9939],[-74.8836,3.9908],[-74.876,3.994],[-74.8698,4.0001],[-74.866,4.0092],[-74.8639,4.0098],[-74.8629,4.0175],[-74.8566,4.0312],[-74.8497,4.0342],[-74.841,4.0343],[-74.8353,4.0406],[-74.8346,4.0453],[-74.8381,4.0622],[-74.8351,4.0749],[-74.8283,4.0904],[-74.8327,4.0912],[-74.8333,4.0934],[-74.8381,4.0924],[-74.8397,4.0927],[-74.8399,4.0948],[-74.8428,4.0932],[-74.847,4.0955],[-74.8494,4.0908],[-74.8524,4.092],[-74.8592,4.0892],[-74.8618,4.0928],[-74.8644,4.093],[-74.8698,4.0969],[-74.8731,4.0953],[-74.8772,4.0974],[-74.8795,4.0967],[-74.8831,4.0994],[-74.8904,4.0993],[-74.8921,4.1022],[-74.8994,4.1026],[-74.903,4.1043],[-74.9112,4.1138],[-74.925,4.1186],[-74.9328,4.1195],[-74.937,4.1225],[-74.9401,4.1288],[-74.9436,4.1318],[-74.9473,4.1438],[-74.955,4.1529],[-74.9598,4.1622],[-74.9748,4.1743],[-74.9841,4.1875],[-74.9916,4.2082],[-74.9999,4.2218],[-74.9991,4.2283],[-75.0013,4.2335],[-75.007,4.2365],[-75.0225,4.2309],[-75.0284,4.2324]]]},"properties":{"NOMBRE":"GUAMO"}},{"type":"Feature","geometry":{"type":"Polygon","coordinates":[[[-75.1697,5.1697],[-75.1731,5.1702],[-75.1747,5.1668],[-75.1794,5.1642],[-75.187,5.1643],[-75.189,5.1626],[-75.1947,5.1636],[-75.1986,5.1617],[-75.1991,5.1593],[-75.2017,5.1588],[-75.2014,5.1567],[-75.2057,5.1541],[-75.2042,5.1516],[-75.207,5.1441],[-75.213,5.1437],[-75.211,5.1393],[-75.2136,5.1366],[-75.2179,5.1337],[-75.2224,5.136],[-75.2294,5.1326],[-75.235,5.1258],[-75.2388,5.1273],[-75.2407,5.1258],[-75.2438,5.1286],[-75.252,5.1297],[-75.2758,5.141],[-75.284,5.1407],[-75.2881,5.1383],[-75.2901,5.1343],[-75.2983,5.1271],[-75.2997,5.1241],[-75.2984,5.1216],[-75.3007,5.1222],[-75.3053,5.1188],[-75.3055,5.1159],[-75.3108,5.1085],[-75.3174,5.104],[-75.3174,5.1026],[-75.325,5.0996],[-75.327,5.0955],[-75.3334,5.0911],[-75.3345,5.0885],[-75.3408,5.0855],[-75.3446,5.0811],[-75.3427,5.0786],[-75.3426,5.0735],[-75.3488,5.0573],[-75.342,5.0526],[-75.3399,5.0455],[-75.3321,5.0447],[-75.3174,5.0312],[-75.3213,5.0005],[-75.3284,4.9867],[-75.3344,4.9811],[-75.334,4.9748],[-75.3517,4.9671],[-75.353,4.9636],[-75.3513,4.9506],[-75.3516,4.933],[-75.347,4.929],[-75.3439,4.9158],[-75.336,4.9008],[-75.3348,4.9012],[-75.3376,4.9108],[-75.3397,4.9124],[-75.339,4.9202],[-75.3421,4.9266],[-75.342,4.9345],[-75.3472,4.9383],[-75.3457,4.943],[-75.3428,4.9444],[-75.3426,4.9491],[-75.3396,4.952],[-75.3334,4.9535],[-75.3294,4.9579],[-75.3286,4.9613],[-75.3262,4.9626],[-75.3241,4.9676],[-75.3128,4.9707],[-75.3041,4.9762],[-75.2956,4.9751],[-75.2939,4.9777],[-75.2867,4.9787],[-75.2713,4.9892],[-75.2652,4.9899],[-75.253,4.9969],[-75.2514,4.9953],[-75.2464,4.9975],[-75.2436,4.996],[-75.2393,4.9985],[-75.2276,4.9953],[-75.2142,4.9998],[-75.2127,5.0059],[-75.2077,5.0088],[-75.2071,5.0119],[-75.2036,5.0124],[-75.199,5.0223],[-75.1931,5.0244],[-75.1915,5.0296],[-75.1775,5.0403],[-75.1731,5.0464],[-75.174,5.0507],[-75.1717,5.0538],[-75.1666,5.0541],[-75.1653,5.0567],[-75.1611,5.056],[-75.1581,5.0605],[-75.1519,5.0608],[-75.1506,5.0635],[-75.1476,5.0638],[-75.1464,5.0659],[-75.1495,5.0697],[-75.1481,5.0706],[-75.1491,5.0735],[-75.1471,5.0747],[-75.1457,5.0802],[-75.1472,5.084],[-75.1428,5.0875],[-75.1387,5.0854],[-75.135,5.0868],[-75.1325,5.0885],[-75.1325,5.092],[-75.1276,5.0934],[-75.1267,5.1005],[-75.1289,5.1122],[-75.1262,5.1194],[-75.1307,5.1201],[-75.1307,5.1226],[-75.1364,5.1253],[-75.1359,5.1294],[-75.1381,5.1318],[-75.1364,5.1353],[-75.1399,5.1379],[-75.1391,5.154],[-75.1376,5.1576],[-75.1413,5.1595],[-75.1436,5.164],[-75.1498,5.1649],[-75.1548,5.1705],[-75.1634,5.1697],[-75.1659,5.1677],[-75.1672,5.1695],[-75.1697,5.1697]]]},"properties":{"NOMBRE":"HERVEO"}},{"type":"Feature","geometry":{"type":"Polygon","coordinates":[[[-74.8268,5.3169],[-74.8391,5.3168],[-74.8463,5.3141],[-74.8491,5.3167],[-74.8556,5.3137],[-74.8569,5.3102],[-74.8623,5.3056],[-74.8584,5.3039],[-74.8501,5.3069],[-74.8479,5.3053],[-74.8466,5.3004],[-74.8423,5.3],[-74.8335,5.2945],[-74.8191,5.2892],[-74.8189,5.285],[-74.8153,5.2828],[-74.8215,5.278],[-74.8253,5.277],[-74.8276,5.2722],[-74.8232,5.269],[-74.8206,5.2615],[-74.8169,5.2598],[-74.8173,5.2538],[-74.8135,5.2534],[-74.8132,5.2493],[-74.8046,5.2349],[-74.8025,5.2321],[-74.7995,5.2328],[-74.7958,5.2293],[-74.7944,5.2249],[-74.7981,5.2215],[-74.8033,5.2205],[-74.8042,5.2189],[-74.8023,5.218],[-74.802,5.2151],[-74.8062,5.2159],[-74.8087,5.2146],[-74.809,5.2124],[-74.8167,5.2094],[-74.8177,5.207],[-74.8166,5.2061],[-74.8237,5.2033],[-74.8285,5.1967],[-74.8317,5.1962],[-74.8348,5.1868],[-74.8373,5.1881],[-74.8383,5.1852],[-74.8427,5.1854],[-74.8452,5.1825],[-74.8547,5.1821],[-74.8616,5.1766],[-74.8679,5.1749],[-74.8645,5.1677],[-74.8725,5.1627],[-74.8727,5.1586],[-74.8796,5.1519],[-74.8863,5.1494],[-74.875,5.1438],[-74.8753,5.1362],[-74.8676,5.1312],[-74.8619,5.1303],[-74.8599,5.1265],[-74.8524,5.1217],[-74.8511,5.1167],[-74.8521,5.1132],[-74.8455,5.1],[-74.8347,5.0987],[-74.8251,5.0955],[-74.8149,5.0951],[-74.8084,5.0915],[-74.792,5.0967],[-74.7845,5.1015],[-74.7767,5.1096],[-74.7691,5.1096],[-74.7717,5.0992],[-74.7707,5.0837],[-74.7737,5.0795],[-74.7729,5.0686],[-74.771,5.0656],[-74.7706,5.0586],[-74.7649,5.05],[-74.7633,5.041],[-74.7619,5.0403],[-74.7577,5.0455],[-74.754,5.0476],[-74.7517,5.0479],[-74.7477,5.045],[-74.7447,5.0498],[-74.7343,5.0531],[-74.7333,5.0493],[-74.7317,5.0484],[-74.7262,5.0593],[-74.7244,5.0835],[-74.7227,5.0873],[-74.7174,5.092],[-74.7165,5.1056],[-74.7141,5.1131],[-74.7167,5.1211],[-74.7282,5.1271],[-74.7299,5.1296],[-74.7306,5.1499],[-74.7182,5.1665],[-74.7145,5.1848],[-74.7148,5.1882],[-74.7223,5.2014],[-74.73,5.2022],[-74.7335,5.2052],[-74.7326,5.2099],[-74.7278,5.2146],[-74.7306,5.2221],[-74.7292,5.2344],[-74.7236,5.2382],[-74.7273,5.2548],[-74.7271,5.2676],[-74.7303,5.279],[-74.7336,5.2858],[-74.7367,5.2878],[-74.7412,5.2857],[-74.7449,5.2901],[-74.7495,5.2846],[-74.7541,5.2828],[-74.7571,5.2862],[-74.76,5.2862],[-74.7611,5.2905],[-74.7662,5.2885],[-74.775,5.2993],[-74.7796,5.2981],[-74.7822,5.2998],[-74.7845,5.2983],[-74.7911,5.2987],[-74.7967,5.3015],[-74.7984,5.3044],[-74.8073,5.3036],[-74.8091,5.3061],[-74.813,5.3076],[-74.8198,5.3156],[-74.8236,5.3175],[-74.8268,5.3169]]]},"properties":{"NOMBRE":"HONDA"}},{"type":"Feature","geometry":{"type":"Polygon","coordinates":[[[-74.5476,4.2588],[-74.5497,4.2602],[-74.5497,4.2627],[-74.5557,4.2672],[-74.5617,4.2607],[-74.5661,4.248],[-74.5658,4.237],[-74.5612,4.225],[-74.561,4.2068],[-74.5591,4.2001],[-74.5603,4.1824],[-74.5638,4.1747],[-74.5797,4.1509],[-74.5837,4.1485],[-74.5972,4.1337],[-74.6033,4.1317],[-74.6121,4.1245],[-74.6156,4.1161],[-74.6195,4.1126],[-74.6187,4.103],[-74.6211,4.1011],[-74.624,4.1013],[-74.6258,4.0989],[-74.6221,4.0994],[-74.6086,4.0948],[-74.5993,4.0849],[-74.5887,4.0843],[-74.586,4.0817],[-74.5763,4.0828],[-74.5719,4.0767],[-74.561,4.068],[-74.5603,4.0597],[-74.564,4.0535],[-74.5586,4.0502],[-74.5577,4.0459],[-74.5507,4.0386],[-74.5467,4.0285],[-74.5415,4.0213],[-74.544,4.0064],[-74.5435,3.9906],[-74.5461,3.9872],[-74.5418,3.9761],[-74.5379,3.9754],[-74.5313,3.9759],[-74.5334,3.994],[-74.5266,4.0079],[-74.5242,4.0217],[-74.5269,4.0235],[-74.5286,4.0298],[-74.5314,4.0333],[-74.5275,4.0412],[-74.5294,4.0456],[-74.525,4.0492],[-74.5257,4.0523],[-74.5177,4.0577],[-74.5187,4.0624],[-74.5165,4.0676],[-74.5129,4.0724],[-74.508,4.0745],[-74.5082,4.0796],[-74.4859,4.0963],[-74.4864,4.1016],[-74.4828,4.1079],[-74.4791,4.1086],[-74.4766,4.1113],[-74.4748,4.1282],[-74.4755,4.1338],[-74.4791,4.1354],[-74.4837,4.1472],[-74.4808,4.1508],[-74.4831,4.1516],[-74.4844,4.1564],[-74.4832,4.1769],[-74.4875,4.182],[-74.4914,4.182],[-74.4997,4.186],[-74.5012,4.1882],[-74.5003,4.194],[-74.508,4.198],[-74.5135,4.2155],[-74.5117,4.2185],[-74.5138,4.2203],[-74.5128,4.2223],[-74.5194,4.2401],[-74.5255,4.2416],[-74.5274,4.2444],[-74.5358,4.2462],[-74.5389,4.2517],[-74.5432,4.2526],[-74.5445,4.2593],[-74.5476,4.2588]]]},"properties":{"NOMBRE":"ICONONZO"}},{"type":"Feature","geometry":{"type":"Polygon","coordinates":[[[-74.9705,4.9673],[-74.979,4.965],[-74.9842,4.9602],[-74.9815,4.9562],[-74.9818,4.9536],[-74.9796,4.9534],[-74.9809,4.9509],[-74.9793,4.9504],[-74.9813,4.9478],[-74.9861,4.9487],[-74.9929,4.9419],[-74.9995,4.9398],[-75.0026,4.9314],[-75.0011,4.9277],[-75.0018,4.9237],[-74.9998,4.922],[-75.0048,4.9172],[-75.0024,4.9173],[-75.0011,4.9154],[-74.9956,4.916],[-74.9939,4.9144],[-74.9875,4.9058],[-74.9863,4.898],[-74.9777,4.8998],[-74.9775,4.8964],[-74.9737,4.8973],[-74.9677,4.8957],[-74.9685,4.887],[-74.9668,4.8846],[-74.9675,4.8826],[-74.9648,4.8809],[-74.9671,4.8775],[-74.9661,4.8757],[-74.9673,4.8738],[-74.9655,4.8735],[-74.9672,4.8707],[-74.9664,4.8689],[-74.9716,4.8655],[-74.9753,4.8571],[-74.9786,4.8551],[-74.9822,4.8552],[-74.9879,4.8475],[-74.9907,4.8488],[-74.9991,4.8463],[-75.0006,4.8391],[-75.0058,4.8347],[-75.0172,4.8347],[-75.018,4.8327],[-75.015,4.8303],[-75.0167,4.8232],[-75.0141,4.8177],[-75.0159,4.815],[-75.0122,4.8148],[-75.0039,4.8084],[-75.0007,4.7989],[-74.994,4.8005],[-74.9841,4.7921],[-74.9814,4.7928],[-74.9793,4.7954],[-74.9761,4.7937],[-74.9715,4.795],[-74.9694,4.7926],[-74.964,4.7941],[-74.9563,4.7827],[-74.954,4.784],[-74.946,4.7818],[-74.9416,4.7915],[-74.9291,4.7896],[-74.9256,4.7907],[-74.9201,4.7878],[-74.9162,4.7825],[-74.9137,4.7822],[-74.9078,4.7746],[-74.9053,4.7778],[-74.9012,4.7779],[-74.9002,4.7747],[-74.8981,4.7735],[-74.8929,4.7762],[-74.8914,4.7744],[-74.8869,4.7775],[-74.8857,4.775],[-74.8869,4.7709],[-74.8813,4.7719],[-74.8827,4.7749],[-74.8817,4.7753],[-74.8788,4.7743],[-74.8784,4.7709],[-74.8764,4.7711],[-74.8754,4.7745],[-74.8699,4.7744],[-74.8672,4.7795],[-74.8732,4.7934],[-74.8724,4.8009],[-74.8737,4.8098],[-74.8698,4.8138],[-74.8689,4.8164],[-74.8706,4.8187],[-74.8639,4.8204],[-74.8642,4.8217],[-74.8621,4.8213],[-74.8611,4.8233],[-74.8575,4.8223],[-74.8515,4.8295],[-74.8404,4.8351],[-74.8381,4.8377],[-74.834,4.8383],[-74.8335,4.8357],[-74.8254,4.8382],[-74.8246,4.8398],[-74.828,4.8413],[-74.8323,4.8403],[-74.8406,4.8423],[-74.8457,4.8412],[-74.8473,4.8445],[-74.8383,4.8497],[-74.8361,4.8551],[-74.8287,4.8587],[-74.8275,4.8619],[-74.8221,4.8628],[-74.8133,4.8696],[-74.8119,4.8878],[-74.8149,4.8906],[-74.8185,4.8913],[-74.8211,4.8884],[-74.8247,4.888],[-74.8259,4.8901],[-74.8302,4.8873],[-74.8305,4.8898],[-74.8327,4.8903],[-74.8362,4.8846],[-74.8379,4.8852],[-74.8382,4.8892],[-74.8481,4.8912],[-74.8583,4.8899],[-74.8639,4.8916],[-74.8683,4.8866],[-74.8701,4.888],[-74.8744,4.8878],[-74.8753,4.8938],[-74.8787,4.8971],[-74.8795,4.902],[-74.8827,4.9065],[-74.8866,4.9083],[-74.8871,4.9161],[-74.8907,4.9196],[-74.892,4.9246],[-74.8946,4.9253],[-74.8973,4.9296],[-74.896,4.9318],[-74.8979,4.9353],[-74.9055,4.9447],[-74.9052,4.9494],[-74.9072,4.9535],[-74.9173,4.9632],[-74.9254,4.9625],[-74.9276,4.9638],[-74.9391,4.959],[-74.9458,4.9587],[-74.9623,4.9627],[-74.9705,4.9673]]]},"properties":{"NOMBRE":"LERIDA"}},{"type":"Feature","geometry":{"type":"Polygon","coordinates":[[[-75.0258,4.9975],[-75.0282,4.9986],[-75.0321,4.997],[-75.0348,4.9986],[-75.038,4.9964],[-75.0458,4.9964],[-75.0537,4.9846],[-75.0584,4.9803],[-75.0607,4.9708],[-75.0698,4.9602],[-75.0694,4.957],[-75.0727,4.9503],[-75.0828,4.9423],[-75.089,4.941],[-75.0947,4.9362],[-75.1015,4.9353],[-75.1027,4.932],[-75.1057,4.9302],[-75.1041,4.9249],[-75.0992,4.9237],[-75.0999,4.9202],[-75.1042,4.9151],[-75.1049,4.9093],[-75.113,4.9096],[-75.1076,4.9007],[-75.1093,4.8984],[-75.1075,4.8949],[-75.103,4.8928],[-75.1024,4.8903],[-75.1187,4.879],[-75.116,4.8737],[-75.1094,4.8764],[-75.1077,4.8687],[-75.1034,4.8661],[-75.1039,4.8607],[-75.1024,4.8574],[-75.1054,4.8436],[-75.1111,4.843],[-75.1141,4.8329],[-75.1107,4.8248],[-75.1097,4.8129],[-75.1098,4.8089],[-75.1142,4.7982],[-75.1142,4.7963],[-75.1113,4.7946],[-75.1142,4.7878],[-75.1111,4.7857],[-75.1108,4.7821],[-75.107,4.7772],[-75.1102,4.7691],[-75.1139,4.7657],[-75.112,4.7634],[-75.1069,4.7641],[-75.0971,4.7623],[-75.0943,4.7652],[-75.0885,4.7669],[-75.0826,4.7629],[-75.079,4.7562],[-75.0708,4.753],[-75.0671,4.7535],[-75.0648,4.7557],[-75.0607,4.7546],[-75.0599,4.757],[-75.0501,4.7613],[-75.0471,4.7643],[-75.0497,4.766],[-75.0492,4.7674],[-75.0456,4.7691],[-75.0436,4.7728],[-75.0456,4.7766],[-75.0434,4.7814],[-75.0456,4.7823],[-75.0453,4.7845],[-75.049,4.7858],[-75.0373,4.7963],[-75.0326,4.7975],[-75.0246,4.8052],[-75.0161,4.8105],[-75.013,4.8117],[-75.0098,4.8096],[-75.0077,4.811],[-75.0122,4.8148],[-75.0159,4.815],[-75.0141,4.8177],[-75.0167,4.8232],[-75.015,4.8303],[-75.0178,4.8323],[-75.0174,4.8344],[-75.0058,4.8347],[-75.0006,4.8391],[-74.9991,4.8463],[-74.9907,4.8488],[-74.9879,4.8475],[-74.9822,4.8552],[-74.9786,4.8551],[-74.9753,4.8571],[-74.9716,4.8655],[-74.9664,4.8689],[-74.9672,4.8707],[-74.9655,4.8735],[-74.9673,4.8738],[-74.9661,4.8757],[-74.9671,4.8775],[-74.9648,4.8809],[-74.9675,4.8826],[-74.9668,4.8846],[-74.9685,4.887],[-74.9677,4.8957],[-74.9737,4.8973],[-74.9775,4.8964],[-74.9777,4.8998],[-74.9863,4.898],[-74.9875,4.9058],[-74.9939,4.9144],[-74.9956,4.916],[-75.0011,4.9154],[-75.0024,4.9173],[-75.0048,4.9172],[-74.9998,4.922],[-75.0018,4.9237],[-75.0011,4.9277],[-75.0026,4.9314],[-74.9995,4.9398],[-74.9929,4.9419],[-74.9861,4.9487],[-74.9813,4.9478],[-74.9793,4.9504],[-74.9809,4.9509],[-74.9796,4.9534],[-74.9817,4.9534],[-74.9815,4.9562],[-74.9846,4.9594],[-74.979,4.965],[-74.9754,4.9652],[-74.9726,4.9671],[-74.9796,4.9709],[-74.9814,4.9758],[-74.9859,4.9755],[-74.9938,4.9799],[-74.9986,4.9793],[-75.0026,4.9848],[-75.0062,4.9861],[-75.011,4.9961],[-75.0159,4.9969],[-75.0191,4.9957],[-75.0228,4.9978],[-75.0258,4.9975]]]},"properties":{"NOMBRE":"LIBANO"}},{"type":"Feature","geometry":{"type":"Polygon","coordinates":[[[-74.9363,5.3123],[-74.9392,5.3131],[-74.9462,5.3066],[-74.9499,5.3074],[-74.9548,5.3016],[-74.9664,5.3016],[-74.97,5.2962],[-74.9796,5.2949],[-74.9863,5.2889],[-74.9969,5.2898],[-75.0002,5.2917],[-75.0024,5.2857],[-74.9967,5.282],[-74.9956,5.279],[-74.9976,5.2732],[-75.0064,5.2658],[-75.0062,5.2622],[-75.0086,5.2571],[-75.0078,5.2505],[-75.0095,5.2368],[-75,5.2237],[-74.9971,5.2232],[-74.9912,5.226],[-74.9829,5.2201],[-74.9824,5.2133],[-74.9785,5.2014],[-74.9715,5.2039],[-74.9778,5.1911],[-74.9746,5.1885],[-74.9735,5.1829],[-74.9777,5.1766],[-74.9733,5.177],[-74.9656,5.1703],[-74.9591,5.17],[-74.9576,5.1727],[-74.9549,5.1723],[-74.9522,5.1751],[-74.9492,5.1691],[-74.9494,5.1601],[-74.9416,5.1554],[-74.9352,5.1567],[-74.9297,5.1505],[-74.9268,5.1496],[-74.9246,5.1509],[-74.9167,5.1497],[-74.9081,5.1599],[-74.8986,5.1565],[-74.8967,5.152],[-74.899,5.1493],[-74.8985,5.1441],[-74.9024,5.1414],[-74.8968,5.1417],[-74.8905,5.1448],[-74.8858,5.15],[-74.8796,5.1519],[-74.8727,5.1586],[-74.8725,5.1627],[-74.8645,5.1677],[-74.8679,5.1749],[-74.8616,5.1766],[-74.8547,5.1821],[-74.8452,5.1825],[-74.8427,5.1854],[-74.8383,5.1852],[-74.8373,5.1881],[-74.8348,5.1868],[-74.8317,5.1962],[-74.8285,5.1967],[-74.8237,5.2033],[-74.8166,5.2061],[-74.8177,5.207],[-74.8167,5.2094],[-74.809,5.2124],[-74.8087,5.2146],[-74.8062,5.2159],[-74.802,5.2151],[-74.8023,5.218],[-74.8042,5.2189],[-74.8033,5.2205],[-74.7981,5.2215],[-74.7944,5.2249],[-74.7958,5.2293],[-74.7995,5.2328],[-74.8025,5.2321],[-74.8046,5.2349],[-74.8132,5.2493],[-74.8135,5.2534],[-74.8173,5.2538],[-74.8169,5.2598],[-74.8206,5.2615],[-74.8232,5.269],[-74.8276,5.2722],[-74.8253,5.277],[-74.8215,5.278],[-74.8153,5.2828],[-74.8189,5.285],[-74.8199,5.2899],[-74.8335,5.2945],[-74.8423,5.3],[-74.8466,5.3004],[-74.8479,5.3053],[-74.8501,5.3069],[-74.8584,5.3039],[-74.8623,5.3056],[-74.8695,5.3048],[-74.8684,5.3021],[-74.8736,5.2946],[-74.8782,5.2974],[-74.8859,5.2976],[-74.8895,5.3006],[-74.8927,5.298],[-74.8987,5.2992],[-74.9082,5.308],[-74.9144,5.3103],[-74.9213,5.3086],[-74.9312,5.3128],[-74.9363,5.3123]]]},"properties":{"NOMBRE":"MARIQUITA"}},{"type":"Feature","geometry":{"type":"Polygon","coordinates":[[[-74.556,4.2669],[-74.5625,4.2718],[-74.5673,4.2727],[-74.5718,4.2694],[-74.5799,4.2667],[-74.5895,4.2673],[-74.5932,4.2648],[-74.5963,4.2582],[-74.6013,4.262],[-74.608,4.2556],[-74.6135,4.2551],[-74.6199,4.2521],[-74.6197,4.2464],[-74.6213,4.2431],[-74.6199,4.2374],[-74.6219,4.2354],[-74.6227,4.2258],[-74.6259,4.2219],[-74.6323,4.2226],[-74.6396,4.2156],[-74.6408,4.2096],[-74.6477,4.2066],[-74.6512,4.2006],[-74.6556,4.1982],[-74.6564,4.2014],[-74.6543,4.2046],[-74.6568,4.2151],[-74.6868,4.2111],[-74.6932,4.2113],[-74.6958,4.2129],[-74.699,4.2107],[-74.704,4.2151],[-74.701,4.2203],[-74.7086,4.224],[-74.7058,4.2284],[-74.7155,4.235],[-74.7219,4.2313],[-74.7235,4.2355],[-74.728,4.2392],[-74.7331,4.2475],[-74.7359,4.2471],[-74.7438,4.2407],[-74.7432,4.2368],[-74.7452,4.2365],[-74.7451,4.2302],[-74.7428,4.2286],[-74.7449,4.2258],[-74.7434,4.2246],[-74.7463,4.2219],[-74.7452,4.22],[-74.7504,4.218],[-74.7468,4.2068],[-74.7484,4.2049],[-74.7532,4.2056],[-74.7531,4.2029],[-74.749,4.2014],[-74.7435,4.2036],[-74.7422,4.2002],[-74.7399,4.2],[-74.7405,4.198],[-74.7378,4.198],[-74.739,4.1945],[-74.735,4.1926],[-74.7316,4.1939],[-74.7317,4.1907],[-74.7292,4.1917],[-74.7272,4.19],[-74.7289,4.1888],[-74.7255,4.1882],[-74.7253,4.1863],[-74.7231,4.1892],[-74.7197,4.1903],[-74.7154,4.1888],[-74.7147,4.1878],[-74.7183,4.1852],[-74.718,4.1836],[-74.7165,4.1837],[-74.7163,4.1817],[-74.7141,4.1803],[-74.7146,4.1778],[-74.7112,4.173],[-74.7097,4.1748],[-74.7066,4.1745],[-74.7061,4.173],[-74.7022,4.1751],[-74.6982,4.1744],[-74.7,4.1705],[-74.696,4.1728],[-74.6921,4.1697],[-74.6901,4.1701],[-74.6908,4.1722],[-74.6887,4.1714],[-74.6886,4.1694],[-74.6837,4.1665],[-74.6852,4.1623],[-74.6837,4.1627],[-74.6824,4.1609],[-74.6813,4.1638],[-74.6792,4.1641],[-74.6807,4.1604],[-74.6757,4.1568],[-74.676,4.1547],[-74.6714,4.1518],[-74.6816,4.1429],[-74.682,4.139],[-74.6784,4.1366],[-74.6849,4.1305],[-74.6876,4.1258],[-74.6894,4.118],[-74.688,4.1107],[-74.6917,4.1022],[-74.6885,4.0975],[-74.6833,4.0958],[-74.6797,4.0964],[-74.6691,4.102],[-74.6425,4.1207],[-74.6326,4.1312],[-74.6301,4.1322],[-74.6327,4.1254],[-74.6316,4.1231],[-74.6266,4.1202],[-74.6283,4.1154],[-74.6264,4.1066],[-74.6238,4.1013],[-74.6209,4.1012],[-74.6186,4.1031],[-74.6195,4.1126],[-74.6156,4.1161],[-74.6121,4.1245],[-74.6033,4.1317],[-74.5972,4.1337],[-74.5778,4.1531],[-74.5681,4.1668],[-74.5603,4.1824],[-74.5591,4.2001],[-74.561,4.2068],[-74.5612,4.225],[-74.5658,4.2368],[-74.5665,4.2436],[-74.5617,4.2607],[-74.556,4.2669]]]},"properties":{"NOMBRE":"MELGAR"}},{"type":"Feature","geometry":{"type":"Polygon","coordinates":[[[-75.1738,4.9172],[-75.177,4.9196],[-75.1877,4.9126],[-75.1945,4.9149],[-75.1984,4.9181],[-75.2102,4.9131],[-75.214,4.9134],[-75.2153,4.9109],[-75.2253,4.9123],[-75.2338,4.9076],[-75.2366,4.9017],[-75.2422,4.8961],[-75.251,4.8919],[-75.2617,4.8906],[-75.2807,4.8915],[-75.2833,4.8896],[-75.2932,4.8899],[-75.3014,4.8871],[-75.3196,4.887],[-75.3236,4.8641],[-75.3378,4.8524],[-75.3446,4.8428],[-75.352,4.8421],[-75.3564,4.8277],[-75.3679,4.8158],[-75.3742,4.8032],[-75.3604,4.7872],[-75.3533,4.7749],[-75.3464,4.7713],[-75.3418,4.7667],[-75.3304,4.7637],[-75.3166,4.7543],[-75.3068,4.7588],[-75.2919,4.7615],[-75.2817,4.7594],[-75.2729,4.7676],[-75.2645,4.7651],[-75.2443,4.7745],[-75.2393,4.7705],[-75.2304,4.7745],[-75.2213,4.7736],[-75.2167,4.7759],[-75.2131,4.7745],[-75.209,4.7701],[-75.1947,4.7655],[-75.1887,4.7573],[-75.18,4.755],[-75.1759,4.7483],[-75.171,4.7451],[-75.1676,4.7401],[-75.1626,4.7419],[-75.1577,4.7403],[-75.1512,4.7406],[-75.1469,4.7367],[-75.1425,4.7365],[-75.1344,4.7438],[-75.1264,4.745],[-75.1252,4.7409],[-75.1189,4.7406],[-75.1182,4.7385],[-75.1159,4.7391],[-75.1141,4.7337],[-75.1127,4.7334],[-75.11,4.7378],[-75.0991,4.7438],[-75.0983,4.7479],[-75.0961,4.7503],[-75.0913,4.7515],[-75.088,4.7495],[-75.0847,4.752],[-75.0727,4.749],[-75.0705,4.753],[-75.079,4.7562],[-75.0826,4.7629],[-75.0882,4.7668],[-75.0943,4.7652],[-75.0971,4.7623],[-75.1069,4.7641],[-75.1119,4.7634],[-75.1139,4.765],[-75.1102,4.7691],[-75.107,4.7772],[-75.1108,4.7821],[-75.1111,4.7857],[-75.1142,4.7878],[-75.1113,4.7946],[-75.1142,4.7963],[-75.1142,4.7982],[-75.1098,4.8089],[-75.1097,4.8129],[-75.1107,4.8248],[-75.1141,4.8329],[-75.1111,4.843],[-75.1054,4.8436],[-75.1024,4.8574],[-75.1039,4.8607],[-75.1034,4.8661],[-75.1077,4.8687],[-75.1094,4.8764],[-75.116,4.8737],[-75.1187,4.879],[-75.1025,4.8902],[-75.1027,4.8926],[-75.1072,4.8944],[-75.1093,4.8984],[-75.1103,4.8963],[-75.116,4.8944],[-75.1207,4.8945],[-75.1238,4.8974],[-75.126,4.8962],[-75.1293,4.8993],[-75.1288,4.9048],[-75.1362,4.9087],[-75.1571,4.9094],[-75.165,4.917],[-75.1738,4.9172]]]},"properties":{"NOMBRE":"MURILLO"}},{"type":"Feature","geometry":{"type":"Polygon","coordinates":[[[-75.1152,3.6939],[-75.1191,3.6958],[-75.1212,3.6936],[-75.1272,3.6952],[-75.1334,3.6944],[-75.1354,3.6859],[-75.1385,3.683],[-75.1407,3.6767],[-75.1424,3.6677],[-75.1495,3.668],[-75.1528,3.6628],[-75.1602,3.6569],[-75.1626,3.6566],[-75.1604,3.6519],[-75.1669,3.6393],[-75.1734,3.6349],[-75.1757,3.6303],[-75.1788,3.6296],[-75.1899,3.6198],[-75.1936,3.6196],[-75.1946,3.6287],[-75.2058,3.6343],[-75.2109,3.633],[-75.2171,3.6334],[-75.2178,3.6346],[-75.2188,3.6332],[-75.2259,3.6321],[-75.2285,3.6256],[-75.2262,3.6248],[-75.2246,3.6218],[-75.2273,3.6217],[-75.2315,3.6186],[-75.2331,3.6139],[-75.2321,3.6118],[-75.2298,3.6115],[-75.2285,3.6075],[-75.2253,3.6074],[-75.2227,3.6033],[-75.2277,3.5987],[-75.2255,3.5955],[-75.2338,3.5977],[-75.237,3.6009],[-75.2384,3.5959],[-75.2405,3.5962],[-75.2403,3.5922],[-75.2486,3.5904],[-75.2487,3.5833],[-75.246,3.5809],[-75.2483,3.5759],[-75.2472,3.5683],[-75.2494,3.565],[-75.2519,3.5677],[-75.2592,3.5708],[-75.2609,3.5745],[-75.2652,3.577],[-75.2666,3.5738],[-75.272,3.5697],[-75.2734,3.5707],[-75.276,3.5687],[-75.2817,3.5691],[-75.2813,3.5704],[-75.2841,3.572],[-75.2876,3.5653],[-75.2891,3.5651],[-75.289,3.5605],[-75.2905,3.5606],[-75.2892,3.5579],[-75.2904,3.5582],[-75.2909,3.5553],[-75.2891,3.5522],[-75.2903,3.5509],[-75.2928,3.5514],[-75.2929,3.55],[-75.2888,3.5474],[-75.2904,3.5445],[-75.2883,3.5441],[-75.2888,3.5418],[-75.2869,3.5425],[-75.2862,3.5387],[-75.2794,3.5341],[-75.2792,3.5318],[-75.2753,3.5311],[-75.274,3.5264],[-75.2693,3.5238],[-75.2665,3.514],[-75.2575,3.5103],[-75.2553,3.5052],[-75.2571,3.5031],[-75.2568,3.5],[-75.2587,3.4995],[-75.2564,3.4928],[-75.2588,3.4903],[-75.2612,3.4925],[-75.2657,3.488],[-75.2664,3.482],[-75.2648,3.4786],[-75.273,3.4797],[-75.2778,3.4773],[-75.2796,3.4715],[-75.2914,3.4604],[-75.292,3.4582],[-75.2962,3.4562],[-75.3029,3.4495],[-75.2983,3.4467],[-75.2991,3.4431],[-75.2975,3.4404],[-75.2893,3.4412],[-75.2899,3.4396],[-75.2861,3.4362],[-75.2841,3.4251],[-75.2826,3.4263],[-75.2796,3.4249],[-75.2757,3.4199],[-75.2751,3.4179],[-75.2779,3.413],[-75.2763,3.4118],[-75.2758,3.408],[-75.2776,3.4033],[-75.276,3.3983],[-75.2717,3.3964],[-75.2729,3.3932],[-75.2711,3.3891],[-75.2725,3.3861],[-75.269,3.3849],[-75.2667,3.3787],[-75.2581,3.3757],[-75.2575,3.3746],[-75.2604,3.3724],[-75.2576,3.3719],[-75.2527,3.3657],[-75.2505,3.3678],[-75.2509,3.375],[-75.2481,3.3764],[-75.2482,3.3788],[-75.2454,3.3817],[-75.2461,3.3951],[-75.2415,3.4002],[-75.2412,3.4045],[-75.2272,3.4159],[-75.2216,3.412],[-75.2187,3.4132],[-75.2118,3.4125],[-75.2116,3.4075],[-75.2072,3.4101],[-75.2006,3.4095],[-75.1998,3.406],[-75.2024,3.3969],[-75.2,3.3942],[-75.2,3.3845],[-75.1845,3.3797],[-75.1775,3.38],[-75.175,3.3747],[-75.1729,3.3773],[-75.1721,3.3834],[-75.1747,3.3941],[-75.1756,3.4076],[-75.1688,3.413],[-75.152,3.417],[-75.1502,3.4198],[-75.1533,3.4289],[-75.1521,3.4321],[-75.1365,3.434],[-75.1298,3.4302],[-75.1233,3.4311],[-75.1214,3.4333],[-75.0586,3.4316],[-75.0452,3.4305],[-75.0415,3.4282],[-75.0357,3.43],[-75.0344,3.427],[-75.0287,3.4331],[-75.0237,3.4459],[-75.015,3.4539],[-75.0057,3.4579],[-75.0068,3.4654],[-75.0052,3.4695],[-74.9952,3.4721],[-74.9924,3.4749],[-74.994,3.4785],[-74.9971,3.4809],[-74.9956,3.4891],[-74.9927,3.4926],[-75.0054,3.4995],[-74.9982,3.5084],[-74.9943,3.5162],[-74.9959,3.5235],[-74.9946,3.5269],[-74.9951,3.5345],[-74.9902,3.5413],[-74.9831,3.5468],[-74.9808,3.5519],[-74.977,3.5537],[-74.9726,3.5618],[-74.9644,3.5642],[-74.9603,3.5682],[-74.9599,3.5711],[-74.9478,3.5715],[-74.9413,3.5807],[-74.942,3.5939],[-74.9359,3.6055],[-74.9307,3.6107],[-74.9301,3.6181],[-74.9349,3.6165],[-74.9394,3.6297],[-74.9428,3.6308],[-74.9549,3.6298],[-74.9604,3.6341],[-74.9642,3.6351],[-74.9675,3.6408],[-74.9673,3.6497],[-74.9712,3.6499],[-74.9757,3.6536],[-74.9813,3.6524],[-74.9835,3.6569],[-74.9903,3.6634],[-74.9883,3.666],[-74.9877,3.672],[-74.9907,3.6738],[-74.9973,3.6834],[-75.0104,3.6853],[-75.0157,3.689],[-75.0238,3.688],[-75.0295,3.6796],[-75.0379,3.6756],[-75.038,3.661],[-75.0403,3.6612],[-75.0417,3.6634],[-75.0466,3.6617],[-75.0481,3.6594],[-75.0488,3.6612],[-75.0504,3.661],[-75.0532,3.6583],[-75.0551,3.6607],[-75.0598,3.6616],[-75.069,3.6609],[-75.0745,3.6727],[-75.0747,3.6686],[-75.0775,3.6676],[-75.0776,3.6644],[-75.0809,3.661],[-75.0928,3.666],[-75.0906,3.6683],[-75.0943,3.6724],[-75.0942,3.6763],[-75.0937,3.6786],[-75.0907,3.6796],[-75.0971,3.686],[-75.1111,3.6906],[-75.1152,3.6939]]]},"properties":{"NOMBRE":"NATAGAIMA"}},{"type":"Feature","geometry":{"type":"Polygon","coordinates":[[[-75.2721,4.1189],[-75.2755,4.1198],[-75.2837,4.118],[-75.2894,4.1084],[-75.304,4.1057],[-75.3083,4.0999],[-75.3127,4.0981],[-75.3234,4.0877],[-75.3292,4.0844],[-75.3386,4.0737],[-75.3411,4.0658],[-75.346,4.0595],[-75.3607,4.0514],[-75.3648,4.0444],[-75.3694,4.0418],[-75.3801,4.0394],[-75.3837,4.042],[-75.3899,4.0425],[-75.3919,4.0475],[-75.4052,4.045],[-75.4078,4.0428],[-75.4091,4.0398],[-75.4078,4.0364],[-75.4091,4.0289],[-75.4082,4.0265],[-75.41,4.0218],[-75.4219,4.0113],[-75.4207,3.9921],[-75.4227,3.9861],[-75.432,3.9724],[-75.4298,3.9708],[-75.4204,3.9723],[-75.4187,3.9705],[-75.4184,3.9657],[-75.421,3.9547],[-75.4281,3.944],[-75.4388,3.9187],[-75.4325,3.9079],[-75.4415,3.885],[-75.4445,3.8697],[-75.4276,3.8673],[-75.4235,3.863],[-75.4167,3.8632],[-75.4149,3.8602],[-75.4096,3.8617],[-75.4021,3.8586],[-75.3955,3.8507],[-75.3922,3.8492],[-75.3883,3.8417],[-75.3823,3.8405],[-75.375,3.8326],[-75.3648,3.8292],[-75.3518,3.813],[-75.3496,3.8143],[-75.3501,3.8111],[-75.3483,3.8098],[-75.35,3.806],[-75.3442,3.8066],[-75.3441,3.8019],[-75.3394,3.8055],[-75.3313,3.8039],[-75.3305,3.8073],[-75.3243,3.8132],[-75.3201,3.807],[-75.3139,3.803],[-75.3067,3.8073],[-75.3037,3.8065],[-75.3073,3.7995],[-75.3073,3.7893],[-75.3089,3.7855],[-75.3075,3.7837],[-75.308,3.7765],[-75.3108,3.7574],[-75.305,3.7589],[-75.3019,3.7542],[-75.2984,3.7577],[-75.2938,3.7566],[-75.2913,3.7593],[-75.2854,3.761],[-75.2832,3.7637],[-75.2761,3.7598],[-75.2711,3.7617],[-75.2699,3.7593],[-75.2756,3.748],[-75.2738,3.7449],[-75.2695,3.753],[-75.2652,3.755],[-75.2607,3.7622],[-75.2531,3.763],[-75.25,3.7662],[-75.2439,3.765],[-75.2442,3.7681],[-75.2493,3.7744],[-75.2474,3.7784],[-75.2389,3.7798],[-75.2341,3.7772],[-75.2273,3.7653],[-75.2172,3.7678],[-75.2112,3.7805],[-75.2028,3.7883],[-75.2018,3.7969],[-75.1971,3.8007],[-75.1943,3.815],[-75.192,3.8192],[-75.192,3.8291],[-75.1953,3.8348],[-75.1948,3.837],[-75.1919,3.8449],[-75.1857,3.8499],[-75.1846,3.8549],[-75.1733,3.8593],[-75.1679,3.864],[-75.1634,3.8616],[-75.1617,3.8653],[-75.1621,3.8787],[-75.1489,3.8796],[-75.1485,3.8826],[-75.1395,3.8859],[-75.1192,3.8875],[-75.1144,3.896],[-75.1137,3.9029],[-75.1112,3.9068],[-75.1062,3.9106],[-75.1029,3.9094],[-75.0958,3.9173],[-75.0888,3.917],[-75.0859,3.9189],[-75.0811,3.9312],[-75.0763,3.9329],[-75.0733,3.9366],[-75.0916,3.9614],[-75.0952,3.9712],[-75.1012,3.9716],[-75.1104,3.9753],[-75.1172,3.9807],[-75.1225,3.9822],[-75.1295,3.9883],[-75.1321,3.9882],[-75.1348,3.9982],[-75.1378,4.0004],[-75.136,4.0037],[-75.1366,4.0062],[-75.1401,4.0074],[-75.1575,3.9955],[-75.163,3.9957],[-75.171,4.0002],[-75.1796,4.0024],[-75.1848,4.0089],[-75.1923,4.0148],[-75.1929,4.0175],[-75.198,4.0234],[-75.2022,4.0236],[-75.2027,4.0273],[-75.2081,4.029],[-75.2102,4.0314],[-75.2133,4.0413],[-75.2135,4.05],[-75.219,4.0586],[-75.2122,4.0694],[-75.2092,4.0826],[-75.2006,4.0869],[-75.1908,4.109],[-75.2038,4.106],[-75.2086,4.1028],[-75.211,4.0989],[-75.2138,4.0983],[-75.2232,4.1021],[-75.2256,4.1049],[-75.2328,4.1068],[-75.2535,4.1068],[-75.2627,4.116],[-75.2721,4.1189]]]},"properties":{"NOMBRE":"ORTEGA"}},{"type":"Feature","geometry":{"type":"Polygon","coordinates":[[[-75.0017,5.1432],[-75.0054,5.1461],[-75.0129,5.144],[-75.0141,5.142],[-75.0232,5.1387],[-75.0232,5.1366],[-75.0281,5.1307],[-75.0356,5.1306],[-75.0382,5.1264],[-75.0431,5.1237],[-75.0428,5.1129],[-75.0445,5.1088],[-75.0473,5.107],[-75.0438,5.1054],[-75.0451,5.1011],[-75.0477,5.1005],[-75.049,5.0979],[-75.0502,5.0987],[-75.05,5.0973],[-75.0533,5.0943],[-75.0549,5.0952],[-75.0564,5.0909],[-75.0601,5.0871],[-75.0621,5.0801],[-75.0654,5.0767],[-75.0635,5.0737],[-75.0581,5.0712],[-75.0574,5.0691],[-75.052,5.0701],[-75.0501,5.0687],[-75.0483,5.0611],[-75.0464,5.0594],[-75.0474,5.0548],[-75.0386,5.0486],[-75.0292,5.0464],[-75.0245,5.0512],[-75.0247,5.0549],[-75.0182,5.0536],[-75.0178,5.0555],[-75.0164,5.0549],[-75.015,5.0565],[-75.0118,5.0563],[-75.0106,5.0546],[-75.0079,5.0581],[-75.0036,5.0596],[-74.9944,5.058],[-74.9925,5.0551],[-74.9892,5.0539],[-74.9875,5.0554],[-74.9909,5.0639],[-74.9903,5.0682],[-74.9817,5.0769],[-74.9831,5.0822],[-74.9852,5.0826],[-74.9846,5.0842],[-74.9877,5.0871],[-74.9836,5.1244],[-74.9938,5.1348],[-74.9944,5.1458],[-75.0017,5.1432]]]},"properties":{"NOMBRE":"PALOCABILDO"}},{"type":"Feature","geometry":{"type":"Polygon","coordinates":[[[-74.8542,4.6247],[-74.8541,4.6273],[-74.8565,4.6279],[-74.8643,4.624],[-74.8666,4.6251],[-74.8687,4.6181],[-74.8729,4.6171],[-74.869,4.6151],[-74.8725,4.6132],[-74.8752,4.6083],[-74.8779,4.6095],[-74.8791,4.6034],[-74.8833,4.6017],[-74.8854,4.5989],[-74.8836,4.5974],[-74.8864,4.5921],[-74.8843,4.5895],[-74.888,4.5885],[-74.892,4.5848],[-74.8899,4.5807],[-74.8928,4.5804],[-74.8951,4.5756],[-74.9004,4.5752],[-74.8981,4.5732],[-74.8994,4.5714],[-74.9023,4.5724],[-74.9007,4.5699],[-74.9038,4.5691],[-74.9028,4.5647],[-74.9053,4.5659],[-74.9068,4.5642],[-74.9087,4.5663],[-74.9086,4.5611],[-74.9127,4.5587],[-74.9122,4.5568],[-74.9169,4.5553],[-74.9195,4.5561],[-74.9229,4.5481],[-74.9275,4.5483],[-74.9285,4.5375],[-74.9313,4.54],[-74.9332,4.5391],[-74.9324,4.5375],[-74.935,4.5346],[-74.9401,4.5363],[-74.9434,4.5342],[-74.9436,4.5293],[-74.9471,4.5295],[-74.9495,4.5261],[-74.9537,4.5252],[-74.9557,4.5187],[-74.9599,4.5181],[-74.958,4.5155],[-74.9602,4.512],[-74.9629,4.5124],[-74.9644,4.5097],[-74.9667,4.5097],[-74.966,4.507],[-74.9678,4.5065],[-74.9675,4.5035],[-74.9724,4.4942],[-74.9759,4.4919],[-74.9755,4.4896],[-74.9818,4.4852],[-74.9838,4.4866],[-74.9875,4.4792],[-74.991,4.4783],[-74.9954,4.474],[-74.9955,4.4753],[-74.9981,4.4749],[-74.9982,4.4733],[-75.001,4.4744],[-75.0027,4.4724],[-75.0068,4.4733],[-75.0109,4.4646],[-75.0157,4.4603],[-75.0152,4.4591],[-75.0176,4.4597],[-75.0266,4.4518],[-75.0406,4.4489],[-75.0431,4.4502],[-75.0453,4.4484],[-75.0457,4.4496],[-75.0616,4.4365],[-75.0656,4.4373],[-75.0675,4.436],[-75.0681,4.4376],[-75.0698,4.4362],[-75.0661,4.4147],[-75.0614,4.4027],[-75.0483,4.4033],[-75.0477,4.4017],[-75.0411,4.4008],[-75.0405,4.399],[-75.0301,4.3957],[-75.0187,4.3986],[-75.0149,4.3969],[-75.0029,4.3964],[-74.9948,4.3915],[-74.9918,4.3929],[-74.9938,4.3849],[-74.9932,4.3815],[-74.9951,4.3797],[-74.9936,4.3628],[-74.9955,4.3623],[-74.9972,4.358],[-74.9876,4.352],[-74.9849,4.3515],[-74.9812,4.3562],[-74.974,4.3579],[-74.9635,4.3632],[-74.9491,4.3642],[-74.9367,4.38],[-74.9347,4.3792],[-74.9333,4.37],[-74.9362,4.3686],[-74.939,4.3615],[-74.9342,4.3658],[-74.9276,4.3633],[-74.9237,4.3689],[-74.9261,4.3762],[-74.9248,4.3842],[-74.9215,4.3828],[-74.9189,4.3843],[-74.9195,4.3859],[-74.9162,4.3886],[-74.9168,4.3922],[-74.9141,4.3981],[-74.9107,4.3994],[-74.9093,4.4024],[-74.9099,4.4123],[-74.9072,4.4162],[-74.9078,4.4214],[-74.9003,4.4432],[-74.8985,4.4436],[-74.9014,4.4443],[-74.9002,4.4489],[-74.9044,4.4571],[-74.8997,4.4644],[-74.8967,4.466],[-74.8956,4.4701],[-74.8971,4.4764],[-74.8991,4.4776],[-74.8986,4.4795],[-74.9013,4.4801],[-74.906,4.4789],[-74.9212,4.4695],[-74.9228,4.4719],[-74.9198,4.4795],[-74.8951,4.4933],[-74.8791,4.4973],[-74.8709,4.504],[-74.8593,4.5018],[-74.8467,4.5149],[-74.8462,4.5094],[-74.8522,4.5022],[-74.8534,4.4983],[-74.8325,4.5128],[-74.8344,4.5065],[-74.8324,4.4974],[-74.8287,4.4947],[-74.8249,4.4942],[-74.8214,4.4909],[-74.8203,4.4934],[-74.8127,4.4966],[-74.806,4.494],[-74.8024,4.4959],[-74.7964,4.4956],[-74.7949,4.5006],[-74.7866,4.5054],[-74.7865,4.5077],[-74.7915,4.5125],[-74.7985,4.5276],[-74.8037,4.5316],[-74.8053,4.5353],[-74.8025,4.5414],[-74.8021,4.5468],[-74.8081,4.5528],[-74.809,4.5568],[-74.8049,4.5713],[-74.8125,4.5764],[-74.8146,4.5813],[-74.8149,4.5853],[-74.8112,4.5892],[-74.806,4.5902],[-74.7967,4.5878],[-74.794,4.589],[-74.7957,4.5959],[-74.7991,4.5998],[-74.8145,4.6066],[-74.8167,4.6117],[-74.8192,4.6106],[-74.8235,4.6117],[-74.827,4.6089],[-74.836,4.6123],[-74.8387,4.6157],[-74.8417,4.6135],[-74.8465,4.6213],[-74.8508,4.616],[-74.8529,4.6164],[-74.8548,4.6203],[-74.8542,4.6247]]]},"properties":{"NOMBRE":"PIEDRAS"}},{"type":"Feature","geometry":{"type":"Polygon","coordinates":[[[-75.7253,3.3188],[-75.7353,3.323],[-75.7424,3.3208],[-75.7435,3.3186],[-75.7463,3.3187],[-75.7463,3.3173],[-75.749,3.3181],[-75.7513,3.3152],[-75.7531,3.317],[-75.7604,3.3178],[-75.7634,3.3117],[-75.7669,3.3097],[-75.7724,3.3103],[-75.7757,3.3132],[-75.7868,3.3096],[-75.7872,3.3043],[-75.7907,3.3022],[-75.7959,3.292],[-75.7988,3.2906],[-75.8005,3.2917],[-75.8044,3.2879],[-75.8116,3.2885],[-75.8179,3.2836],[-75.8185,3.2735],[-75.8208,3.2741],[-75.8252,3.2698],[-75.8295,3.2679],[-75.8417,3.2527],[-75.8518,3.248],[-75.8559,3.2415],[-75.8594,3.2408],[-75.862,3.2364],[-75.8657,3.2353],[-75.8687,3.2319],[-75.873,3.2336],[-75.8738,3.2375],[-75.8754,3.237],[-75.8754,3.232],[-75.8783,3.2288],[-75.8786,3.2224],[-75.8823,3.2229],[-75.8829,3.2193],[-75.8877,3.2209],[-75.891,3.2193],[-75.8985,3.2083],[-75.9054,3.2063],[-75.9065,3.2037],[-75.9101,3.202],[-75.9143,3.1943],[-75.9261,3.1922],[-75.9426,3.1836],[-75.9469,3.1842],[-75.9517,3.1804],[-75.9564,3.1832],[-75.9735,3.185],[-75.976,3.1839],[-75.982,3.1856],[-75.9974,3.1817],[-75.9992,3.1787],[-76.009,3.1759],[-76.0212,3.1697],[-76.025,3.169],[-76.0343,3.1749],[-76.0392,3.1749],[-76.0522,3.1702],[-76.0579,3.1697],[-76.0765,3.1793],[-76.0789,3.1824],[-76.08,3.1879],[-76.084,3.1901],[-76.0853,3.1942],[-76.0916,3.1989],[-76.0905,3.1909],[-76.093,3.1872],[-76.0924,3.178],[-76.0918,3.1759],[-76.0834,3.1727],[-76.0788,3.1647],[-76.0863,3.1558],[-76.0852,3.1529],[-76.079,3.1505],[-76.0729,3.1404],[-76.0742,3.1354],[-76.077,3.1333],[-76.0736,3.1235],[-76.0763,3.1192],[-76.0814,3.118],[-76.0844,3.1137],[-76.0902,3.1154],[-76.0918,3.112],[-76.1076,3.1086],[-76.1086,3.1043],[-76.1039,3.096],[-76.0979,3.0976],[-76.0921,3.097],[-76.0862,3.0915],[-76.0817,3.0904],[-76.0808,3.0867],[-76.0739,3.078],[-76.0735,3.0729],[-76.0702,3.067],[-76.0742,3.0504],[-76.0665,3.0461],[-76.0617,3.0464],[-76.0583,3.0429],[-76.056,3.0442],[-76.0531,3.0421],[-76.0462,3.043],[-76.0446,3.0325],[-76.0389,3.0252],[-76.042,3.0164],[-76.0354,3.0145],[-76.0324,3.0082],[-76.0244,3.0054],[-76.0218,3.0018],[-76.0205,2.9946],[-76.0263,2.9871],[-76.0317,2.9715],[-76.035,2.9433],[-76.0253,2.9719],[-76.0116,2.9795],[-75.9971,2.9808],[-75.9894,2.9832],[-75.9865,2.9809],[-75.9828,2.9725],[-75.984,2.9666],[-75.9817,2.9638],[-75.9814,2.9551],[-75.974,2.9467],[-75.9655,2.9446],[-75.9649,2.9381],[-75.9591,2.9346],[-75.9527,2.9169],[-75.9493,2.9174],[-75.9439,2.9219],[-75.9382,2.9205],[-75.9292,2.9218],[-75.9278,2.9204],[-75.9284,2.9155],[-75.9269,2.9131],[-75.9107,2.9114],[-75.909,2.9093],[-75.9077,2.9003],[-75.9029,2.8989],[-75.902,2.8946],[-75.8976,2.8941],[-75.8934,2.8979],[-75.8841,2.8979],[-75.882,2.8888],[-75.8771,2.8872],[-75.8705,2.8796],[-75.8631,2.876],[-75.8591,2.8718],[-75.8519,2.8725],[-75.8479,2.8704],[-75.8364,2.874],[-75.8293,2.8726],[-75.827,2.8772],[-75.813,2.8904],[-75.8086,2.8979],[-75.8029,2.9196],[-75.7959,2.9676],[-75.7306,3.0142],[-75.703,3.0258],[-75.6695,3.059],[-75.6365,3.0774],[-75.6152,3.0955],[-75.5988,3.115],[-75.5892,3.1175],[-75.586,3.12],[-75.5852,3.1224],[-75.5886,3.1258],[-75.5927,3.1255],[-75.5953,3.1281],[-75.5996,3.1274],[-75.6005,3.132],[-75.6003,3.136],[-75.5985,3.1374],[-75.5992,3.1446],[-75.6013,3.1483],[-75.6019,3.1626],[-75.5963,3.1698],[-75.5986,3.1732],[-75.5962,3.1751],[-75.5986,3.1831],[-75.5954,3.1858],[-75.5948,3.1902],[-75.5898,3.1976],[-75.5941,3.2022],[-75.5944,3.2059],[-75.5997,3.214],[-75.6076,3.221],[-75.6045,3.2295],[-75.6036,3.2363],[-75.6059,3.2387],[-75.6033,3.2461],[-75.6054,3.254],[-75.6049,3.2586],[-75.6065,3.2613],[-75.6059,3.2644],[-75.608,3.2665],[-75.613,3.2672],[-75.6107,3.2748],[-75.6124,3.2817],[-75.6117,3.2843],[-75.6094,3.284],[-75.6114,3.288],[-75.6112,3.2925],[-75.6094,3.2941],[-75.6112,3.2988],[-75.6247,3.2961],[-75.6265,3.2971],[-75.6298,3.292],[-75.6501,3.2913],[-75.6527,3.2862],[-75.6589,3.282],[-75.6606,3.2788],[-75.6661,3.2801],[-75.6671,3.2784],[-75.6692,3.2788],[-75.671,3.2827],[-75.6743,3.2818],[-75.6759,3.2843],[-75.6791,3.2819],[-75.6894,3.2795],[-75.6934,3.281],[-75.6956,3.2852],[-75.6984,3.2861],[-75.6981,3.2902],[-75.7027,3.3074],[-75.7026,3.3145],[-75.7099,3.3174],[-75.7156,3.3156],[-75.7253,3.3188]]]},"properties":{"NOMBRE":"PLANADAS"}},{"type":"Feature","geometry":{"type":"Polygon","coordinates":[[[-74.8699,3.8281],[-74.8688,3.8313],[-74.8726,3.8316],[-74.8754,3.831],[-74.8771,3.8282],[-74.8848,3.8275],[-74.8869,3.8258],[-74.8952,3.8255],[-74.8967,3.8272],[-74.9005,3.8247],[-74.9064,3.825],[-74.9055,3.8213],[-74.9107,3.8216],[-74.91,3.8196],[-74.9113,3.8202],[-74.9126,3.8185],[-74.9108,3.8172],[-74.9116,3.8161],[-74.9186,3.819],[-74.9287,3.8168],[-74.9313,3.8202],[-74.9325,3.8193],[-74.9414,3.8215],[-74.9457,3.813],[-74.947,3.7975],[-74.9547,3.7896],[-74.9661,3.7833],[-74.9663,3.7786],[-74.9712,3.7758],[-74.9733,3.7681],[-74.9756,3.7656],[-74.9754,3.7617],[-74.9807,3.7533],[-74.978,3.7438],[-74.981,3.7296],[-74.9756,3.725],[-74.9745,3.7214],[-74.987,3.7075],[-74.9985,3.703],[-75.0019,3.6985],[-75.0062,3.6975],[-75.0157,3.689],[-75.0104,3.6853],[-74.9972,3.6833],[-74.9907,3.6738],[-74.9877,3.672],[-74.9883,3.666],[-74.9903,3.6634],[-74.9835,3.6569],[-74.9813,3.6524],[-74.9757,3.6536],[-74.9712,3.6499],[-74.9674,3.6498],[-74.9675,3.6408],[-74.9628,3.6341],[-74.9604,3.6341],[-74.9547,3.6297],[-74.9428,3.6308],[-74.9394,3.6297],[-74.9349,3.6165],[-74.9317,3.6186],[-74.9297,3.6181],[-74.9193,3.6289],[-74.9173,3.6377],[-74.9241,3.6438],[-74.9246,3.6475],[-74.9139,3.6588],[-74.9118,3.6647],[-74.9073,3.6679],[-74.9008,3.6664],[-74.8932,3.6574],[-74.8846,3.6574],[-74.8739,3.6619],[-74.8711,3.6596],[-74.8706,3.6568],[-74.8619,3.6533],[-74.8543,3.6614],[-74.8339,3.6572],[-74.8285,3.6596],[-74.8236,3.6591],[-74.8092,3.6624],[-74.8022,3.6706],[-74.7967,3.6724],[-74.7945,3.6723],[-74.7909,3.6678],[-74.7807,3.6723],[-74.7804,3.6745],[-74.7738,3.6817],[-74.7728,3.6865],[-74.765,3.687],[-74.7662,3.6924],[-74.7615,3.7006],[-74.7602,3.7102],[-74.7536,3.7111],[-74.7501,3.7145],[-74.7496,3.7222],[-74.7462,3.7262],[-74.7405,3.7279],[-74.733,3.727],[-74.7286,3.7305],[-74.7269,3.7345],[-74.7287,3.7373],[-74.7219,3.7497],[-74.7199,3.7506],[-74.7171,3.7576],[-74.7229,3.7641],[-74.7186,3.7653],[-74.705,3.782],[-74.707,3.7889],[-74.7167,3.7794],[-74.7226,3.7766],[-74.7252,3.7772],[-74.7336,3.7735],[-74.7425,3.7736],[-74.7463,3.7712],[-74.7553,3.775],[-74.7667,3.7737],[-74.7695,3.7755],[-74.7791,3.7766],[-74.7871,3.7806],[-74.7892,3.7797],[-74.7981,3.7879],[-74.8049,3.786],[-74.815,3.7859],[-74.8211,3.7935],[-74.8233,3.7931],[-74.8254,3.7894],[-74.8256,3.7944],[-74.8232,3.7956],[-74.8238,3.7991],[-74.8288,3.7964],[-74.8306,3.7985],[-74.8301,3.8021],[-74.8279,3.8003],[-74.8283,3.8043],[-74.8304,3.8053],[-74.8296,3.8089],[-74.8314,3.8075],[-74.8291,3.8108],[-74.8356,3.8161],[-74.8395,3.8096],[-74.8426,3.7977],[-74.8448,3.795],[-74.8436,3.7912],[-74.8417,3.7923],[-74.8442,3.7865],[-74.8556,3.7906],[-74.8643,3.7908],[-74.8603,3.7992],[-74.8567,3.8171],[-74.8655,3.8215],[-74.8714,3.8218],[-74.8699,3.8281]]]},"properties":{"NOMBRE":"PRADO"}},{"type":"Feature","geometry":{"type":"Polygon","coordinates":[[[-74.8652,3.9915],[-74.8612,4.0001],[-74.8639,4.0098],[-74.8665,4.0084],[-74.8698,4.0001],[-74.8785,3.9924],[-74.8836,3.9908],[-74.8909,3.9939],[-74.8953,3.9936],[-74.9024,3.9896],[-74.9124,3.9778],[-74.9227,3.977],[-74.9231,3.9723],[-74.9272,3.9681],[-74.9269,3.9645],[-74.9234,3.96],[-74.9238,3.9569],[-74.9171,3.9568],[-74.9154,3.9528],[-74.9168,3.951],[-74.9107,3.9478],[-74.9184,3.9389],[-74.9124,3.9357],[-74.9081,3.9309],[-74.9134,3.9233],[-74.9161,3.9241],[-74.9172,3.9268],[-74.9218,3.9203],[-74.9221,3.9169],[-74.9258,3.9152],[-74.9265,3.9131],[-74.9331,3.9169],[-74.9433,3.9078],[-74.9441,3.9029],[-74.9516,3.8948],[-74.9693,3.8978],[-74.9774,3.8969],[-74.9985,3.8908],[-75.0033,3.8843],[-74.9994,3.8818],[-74.996,3.8748],[-74.9966,3.8718],[-75.0001,3.8678],[-74.9952,3.8574],[-74.9978,3.8529],[-75.0039,3.8499],[-75.0054,3.8466],[-75.0052,3.8411],[-75.0105,3.8332],[-75.0171,3.8345],[-75.0226,3.8216],[-75.0271,3.8184],[-75.0297,3.8208],[-75.0329,3.8199],[-75.0353,3.8155],[-75.0106,3.7935],[-75.0102,3.7884],[-75.0077,3.7865],[-75.0083,3.7833],[-75.006,3.7823],[-74.9908,3.7604],[-74.9903,3.7577],[-74.982,3.7506],[-74.9808,3.7504],[-74.9807,3.7533],[-74.9754,3.7617],[-74.9756,3.7656],[-74.9733,3.7681],[-74.9712,3.7758],[-74.9663,3.7786],[-74.9661,3.7833],[-74.9547,3.7896],[-74.947,3.7975],[-74.9457,3.813],[-74.9414,3.8215],[-74.9325,3.8193],[-74.9313,3.8202],[-74.9287,3.8168],[-74.9186,3.819],[-74.9116,3.8161],[-74.9108,3.8172],[-74.9126,3.8185],[-74.9113,3.8202],[-74.91,3.8196],[-74.9107,3.8216],[-74.9055,3.8213],[-74.9064,3.825],[-74.9005,3.8247],[-74.8967,3.8272],[-74.8952,3.8255],[-74.8869,3.8258],[-74.8848,3.8275],[-74.8771,3.8282],[-74.8754,3.831],[-74.8726,3.8316],[-74.8688,3.8313],[-74.8714,3.8218],[-74.8655,3.8215],[-74.8567,3.8171],[-74.8603,3.7992],[-74.8643,3.7908],[-74.8556,3.7906],[-74.8442,3.7865],[-74.8417,3.7923],[-74.8436,3.7912],[-74.8448,3.795],[-74.8426,3.7977],[-74.8395,3.8096],[-74.8356,3.8161],[-74.8291,3.8108],[-74.8314,3.8075],[-74.8296,3.8089],[-74.8304,3.8053],[-74.8283,3.8043],[-74.8279,3.8003],[-74.8301,3.8021],[-74.8306,3.7985],[-74.8288,3.7964],[-74.8238,3.7991],[-74.8232,3.7956],[-74.8256,3.7944],[-74.8253,3.7894],[-74.8233,3.7931],[-74.8213,3.7935],[-74.815,3.7859],[-74.8049,3.786],[-74.7981,3.7879],[-74.7892,3.7797],[-74.7871,3.7806],[-74.7791,3.7766],[-74.7695,3.7755],[-74.7668,3.7738],[-74.7555,3.7751],[-74.7462,3.7712],[-74.7394,3.7742],[-74.7333,3.7736],[-74.7167,3.7794],[-74.707,3.7889],[-74.7074,3.8013],[-74.7221,3.822],[-74.7256,3.8352],[-74.7321,3.8432],[-74.7378,3.8448],[-74.7442,3.8493],[-74.7477,3.8542],[-74.7522,3.8553],[-74.7591,3.8647],[-74.7581,3.8686],[-74.7607,3.8749],[-74.7559,3.88],[-74.761,3.8851],[-74.7625,3.885],[-74.7613,3.8875],[-74.7641,3.8936],[-74.7673,3.893],[-74.7711,3.8947],[-74.7701,3.9004],[-74.767,3.9031],[-74.7685,3.9059],[-74.7732,3.9057],[-74.7749,3.9034],[-74.7751,3.9057],[-74.7769,3.9052],[-74.7773,3.9026],[-74.7808,3.9001],[-74.7821,3.8916],[-74.7908,3.8852],[-74.7916,3.884],[-74.789,3.8808],[-74.7961,3.8716],[-74.798,3.871],[-74.8008,3.8742],[-74.8008,3.8776],[-74.8087,3.8816],[-74.8133,3.8805],[-74.814,3.8781],[-74.8162,3.8772],[-74.8177,3.8877],[-74.8213,3.8925],[-74.8271,3.8957],[-74.8351,3.897],[-74.84,3.9043],[-74.8443,3.9046],[-74.8463,3.9076],[-74.8495,3.9088],[-74.8527,3.9075],[-74.8561,3.9096],[-74.8586,3.9087],[-74.8593,3.9108],[-74.8669,3.9123],[-74.8687,3.9157],[-74.8719,3.9152],[-74.8707,3.9172],[-74.8732,3.9171],[-74.8721,3.9195],[-74.8741,3.9271],[-74.8687,3.9388],[-74.8675,3.9454],[-74.8738,3.9593],[-74.8735,3.9721],[-74.8652,3.9915]]]},"properties":{"NOMBRE":"PURIFICACION"}},{"type":"Feature","geometry":{"type":"Polygon","coordinates":[[[-75.5966,4.2733],[-75.5978,4.2787],[-75.6061,4.2732],[-75.6156,4.2721],[-75.62,4.269],[-75.6212,4.2625],[-75.6301,4.2553],[-75.6293,4.246],[-75.6389,4.2316],[-75.655,4.2236],[-75.6594,4.2194],[-75.659,4.2158],[-75.6552,4.2148],[-75.6529,4.2119],[-75.6549,4.2015],[-75.6646,4.1978],[-75.6672,4.1941],[-75.6687,4.1861],[-75.6758,4.1805],[-75.6806,4.1731],[-75.6879,4.1675],[-75.692,4.16],[-75.6894,4.1564],[-75.6931,4.1476],[-75.6922,4.1379],[-75.6967,4.1316],[-75.7032,4.1318],[-75.7059,4.1277],[-75.7163,4.1254],[-75.7181,4.1223],[-75.7193,4.1134],[-75.7208,4.1122],[-75.7272,4.1119],[-75.7324,4.1141],[-75.7337,4.1119],[-75.7324,4.1035],[-75.7413,4.0978],[-75.7441,4.0977],[-75.748,4.094],[-75.7533,4.0771],[-75.7517,4.0687],[-75.7388,4.0568],[-75.7382,4.0518],[-75.7434,4.0482],[-75.7457,4.0437],[-75.7395,4.0309],[-75.732,4.0256],[-75.7317,4.0217],[-75.734,4.0204],[-75.7357,4.0141],[-75.732,4.0033],[-75.7265,3.9998],[-75.7172,3.9818],[-75.7128,3.9783],[-75.7027,3.9765],[-75.6965,3.973],[-75.6876,3.9631],[-75.674,3.965],[-75.6676,3.9641],[-75.6637,3.9599],[-75.6575,3.958],[-75.652,3.9541],[-75.6498,3.9501],[-75.6502,3.9385],[-75.6555,3.9308],[-75.647,3.9306],[-75.6458,3.9333],[-75.639,3.9305],[-75.6315,3.933],[-75.6302,3.9421],[-75.6331,3.9509],[-75.627,3.962],[-75.6185,3.9688],[-75.608,3.9669],[-75.5945,3.9738],[-75.5822,3.9844],[-75.581,3.9886],[-75.5771,3.9875],[-75.5733,3.9889],[-75.5622,3.9839],[-75.5521,3.9823],[-75.5414,3.994],[-75.5382,4.0002],[-75.5398,4.0037],[-75.5377,4.0091],[-75.5304,4.0081],[-75.5227,4.0128],[-75.5102,4.0099],[-75.5035,4.0134],[-75.4892,4.0143],[-75.4862,4.0166],[-75.4732,4.02],[-75.4723,4.023],[-75.4747,4.0283],[-75.4744,4.0317],[-75.4776,4.0363],[-75.4799,4.0445],[-75.4791,4.0533],[-75.4771,4.0546],[-75.4742,4.0523],[-75.4704,4.052],[-75.4665,4.0476],[-75.4669,4.0503],[-75.464,4.0576],[-75.4587,4.0635],[-75.4425,4.0558],[-75.4391,4.0574],[-75.438,4.0598],[-75.4533,4.0698],[-75.4583,4.0775],[-75.457,4.0913],[-75.4543,4.0965],[-75.4501,4.0993],[-75.45,4.1018],[-75.4453,4.1059],[-75.4455,4.1084],[-75.4365,4.1119],[-75.4322,4.1166],[-75.429,4.1174],[-75.4281,4.1153],[-75.426,4.1152],[-75.4251,4.1178],[-75.4195,4.1183],[-75.4204,4.1207],[-75.4132,4.1181],[-75.4072,4.1214],[-75.404,4.1189],[-75.4047,4.1156],[-75.3998,4.1174],[-75.3914,4.1349],[-75.3914,4.1386],[-75.3962,4.1406],[-75.3989,4.1392],[-75.404,4.1465],[-75.4138,4.1513],[-75.4179,4.147],[-75.4262,4.1453],[-75.4319,4.1374],[-75.4353,4.1378],[-75.4385,4.1416],[-75.4371,4.1459],[-75.4423,4.147],[-75.4431,4.1501],[-75.446,4.1505],[-75.4491,4.1539],[-75.4483,4.156],[-75.4499,4.1575],[-75.4536,4.1567],[-75.4571,4.1614],[-75.4574,4.1648],[-75.4599,4.1665],[-75.4775,4.171],[-75.4793,4.1747],[-75.4918,4.1784],[-75.4959,4.1822],[-75.5053,4.1847],[-75.5159,4.2009],[-75.5232,4.204],[-75.5296,4.2041],[-75.5343,4.2091],[-75.5434,4.2071],[-75.5586,4.2214],[-75.5636,4.2311],[-75.5666,4.233],[-75.5685,4.2297],[-75.5773,4.2323],[-75.5805,4.2548],[-75.5793,4.2633],[-75.5864,4.266],[-75.5897,4.2699],[-75.5958,4.2714],[-75.5966,4.2733]]]},"properties":{"NOMBRE":"RONCESVALLES"}},{"type":"Feature","geometry":{"type":"Polygon","coordinates":[[[-75.3133,4.3523],[-75.3207,4.3502],[-75.3283,4.3445],[-75.331,4.3365],[-75.3397,4.3295],[-75.3546,4.3078],[-75.3574,4.3057],[-75.3618,4.3059],[-75.3661,4.3087],[-75.3727,4.3066],[-75.3758,4.3105],[-75.3792,4.311],[-75.3892,4.3017],[-75.4149,4.2916],[-75.4397,4.2846],[-75.4649,4.2737],[-75.4916,4.2668],[-75.5065,4.2592],[-75.5194,4.2577],[-75.5221,4.255],[-75.5276,4.2554],[-75.5389,4.2441],[-75.5529,4.2372],[-75.5666,4.233],[-75.5631,4.2307],[-75.557,4.2195],[-75.5434,4.2071],[-75.5343,4.2091],[-75.5296,4.2041],[-75.5232,4.204],[-75.5159,4.2009],[-75.5053,4.1847],[-75.4959,4.1822],[-75.4918,4.1784],[-75.4793,4.1747],[-75.4775,4.171],[-75.4678,4.1694],[-75.4574,4.1648],[-75.4571,4.1614],[-75.4536,4.1567],[-75.4499,4.1575],[-75.4483,4.156],[-75.4491,4.1539],[-75.446,4.1505],[-75.4431,4.1501],[-75.4423,4.147],[-75.4371,4.1459],[-75.4385,4.1416],[-75.4353,4.1378],[-75.4319,4.1374],[-75.4262,4.1453],[-75.4179,4.147],[-75.4142,4.1513],[-75.404,4.1465],[-75.3989,4.1392],[-75.3962,4.1406],[-75.3914,4.1386],[-75.3914,4.1347],[-75.3977,4.1206],[-75.3873,4.1158],[-75.3901,4.1056],[-75.3902,4.0981],[-75.399,4.0677],[-75.4074,4.0602],[-75.4085,4.0558],[-75.4011,4.0546],[-75.3911,4.0568],[-75.3895,4.0518],[-75.3918,4.0482],[-75.3917,4.0446],[-75.3899,4.0425],[-75.3837,4.042],[-75.3806,4.0395],[-75.3694,4.0418],[-75.3648,4.0444],[-75.3607,4.0514],[-75.346,4.0595],[-75.3411,4.0658],[-75.3386,4.0737],[-75.3292,4.0844],[-75.3234,4.0877],[-75.3127,4.0981],[-75.3083,4.0999],[-75.304,4.1057],[-75.2894,4.1084],[-75.2837,4.118],[-75.2755,4.1198],[-75.2689,4.1186],[-75.2622,4.1157],[-75.2535,4.1068],[-75.2436,4.1075],[-75.2417,4.1178],[-75.2458,4.1267],[-75.2472,4.1373],[-75.2436,4.1391],[-75.2381,4.1525],[-75.2383,4.1572],[-75.2362,4.1596],[-75.2376,4.1643],[-75.2369,4.1715],[-75.2333,4.182],[-75.2301,4.1859],[-75.2302,4.1906],[-75.2241,4.1984],[-75.2223,4.2023],[-75.223,4.2041],[-75.2167,4.2081],[-75.2157,4.2141],[-75.2097,4.2177],[-75.21,4.2312],[-75.2068,4.2318],[-75.2064,4.2298],[-75.1995,4.2251],[-75.1987,4.226],[-75.1979,4.2369],[-75.1954,4.2393],[-75.1919,4.2483],[-75.1927,4.2524],[-75.1905,4.2622],[-75.1809,4.2792],[-75.1708,4.2893],[-75.1689,4.2942],[-75.1698,4.2993],[-75.1637,4.3003],[-75.1531,4.3088],[-75.1476,4.3098],[-75.1447,4.3127],[-75.1485,4.318],[-75.1483,4.3214],[-75.1568,4.322],[-75.1651,4.318],[-75.1716,4.3179],[-75.1743,4.3155],[-75.1791,4.3146],[-75.1805,4.3096],[-75.1851,4.3074],[-75.1896,4.3001],[-75.1952,4.2967],[-75.1983,4.2979],[-75.2019,4.2965],[-75.204,4.2984],[-75.2113,4.296],[-75.2127,4.2976],[-75.216,4.295],[-75.2201,4.2964],[-75.2258,4.2937],[-75.2297,4.299],[-75.2287,4.3018],[-75.2305,4.306],[-75.2352,4.3127],[-75.2315,4.3141],[-75.2312,4.3168],[-75.2378,4.3232],[-75.24,4.3326],[-75.2447,4.3354],[-75.2481,4.3452],[-75.2523,4.3509],[-75.2573,4.349],[-75.2607,4.3454],[-75.2752,4.3464],[-75.2799,4.3446],[-75.2832,4.3454],[-75.2843,4.344],[-75.291,4.3452],[-75.2916,4.3392],[-75.294,4.3415],[-75.3007,4.3398],[-75.3077,4.3422],[-75.3133,4.3523]]]},"properties":{"NOMBRE":"ROVIRA"}},{"type":"Feature","geometry":{"type":"Polygon","coordinates":[[[-75.0239,4.0032],[-75.0277,4.0047],[-75.0385,4.0008],[-75.0618,3.9862],[-75.0565,3.9811],[-75.054,3.9726],[-75.0499,3.9667],[-75.0449,3.964],[-75.0448,3.9588],[-75.0478,3.9557],[-75.046,3.9536],[-75.0456,3.9459],[-75.0429,3.9431],[-75.0427,3.9404],[-75.0345,3.9359],[-75.0275,3.9391],[-75.0257,3.9387],[-75.0259,3.9366],[-75.0344,3.9347],[-75.0433,3.9267],[-75.0546,3.9314],[-75.0599,3.9365],[-75.0676,3.9395],[-75.0707,3.9392],[-75.0752,3.9337],[-75.0811,3.9312],[-75.0859,3.9189],[-75.0888,3.917],[-75.0958,3.9173],[-75.1006,3.9111],[-75.1047,3.909],[-75.1017,3.8875],[-75.0985,3.8771],[-75.0993,3.8695],[-75.0873,3.8635],[-75.0859,3.861],[-75.0818,3.8631],[-75.0792,3.8668],[-75.0754,3.8664],[-75.0776,3.847],[-75.0707,3.8431],[-75.0647,3.844],[-75.0636,3.8412],[-75.0607,3.8401],[-75.059,3.8351],[-75.057,3.8363],[-75.0548,3.8328],[-75.0448,3.8296],[-75.04,3.8241],[-75.0383,3.8248],[-75.0331,3.8197],[-75.0297,3.8208],[-75.0271,3.8184],[-75.0226,3.8216],[-75.0172,3.8344],[-75.0105,3.8332],[-75.0052,3.8411],[-75.0054,3.8466],[-75.0039,3.8499],[-74.9978,3.8529],[-74.9952,3.8574],[-75.0001,3.8678],[-74.9966,3.8718],[-74.996,3.8748],[-74.9994,3.8818],[-75.0033,3.8843],[-74.9997,3.8898],[-74.9872,3.8946],[-74.9727,3.8975],[-74.9516,3.8948],[-74.9441,3.9029],[-74.9433,3.9078],[-74.9331,3.9169],[-74.9265,3.9131],[-74.9258,3.9152],[-74.9221,3.9169],[-74.9218,3.9203],[-74.9172,3.9268],[-74.9161,3.9241],[-74.9134,3.9233],[-74.9081,3.9309],[-74.9124,3.9357],[-74.9184,3.9389],[-74.9107,3.9478],[-74.9168,3.951],[-74.9154,3.9528],[-74.9171,3.9568],[-74.9238,3.9569],[-74.926,3.9529],[-74.9315,3.9492],[-74.9521,3.9486],[-74.9667,3.9408],[-74.9768,3.9486],[-74.9761,3.9512],[-74.9891,3.9543],[-74.9937,3.9664],[-74.9986,3.9691],[-75.0023,3.9783],[-75.005,3.9797],[-75.0086,3.9895],[-75.0088,3.9956],[-75.0239,4.0032]]]},"properties":{"NOMBRE":"SALDAÑA"}},{"type":"Feature","geometry":{"type":"Polygon","coordinates":[[[-75.1384,4.3252],[-75.1465,4.3209],[-75.1483,4.3214],[-75.1485,4.318],[-75.1447,4.3127],[-75.1458,4.3112],[-75.1531,4.3088],[-75.1637,4.3003],[-75.1698,4.2993],[-75.1689,4.2942],[-75.1708,4.2893],[-75.1816,4.277],[-75.1768,4.2696],[-75.1704,4.2667],[-75.1678,4.2627],[-75.1641,4.2607],[-75.1532,4.2458],[-75.1519,4.2472],[-75.1494,4.2459],[-75.1447,4.2472],[-75.1374,4.2398],[-75.1361,4.236],[-75.1298,4.2376],[-75.125,4.2268],[-75.1228,4.2273],[-75.1219,4.2292],[-75.1213,4.2344],[-75.1228,4.2372],[-75.1174,4.2401],[-75.116,4.2454],[-75.1097,4.2524],[-75.0999,4.249],[-75.0972,4.2494],[-75.0956,4.2423],[-75.1008,4.2361],[-75.1012,4.2322],[-75.0963,4.2305],[-75.0906,4.2337],[-75.0904,4.2319],[-75.089,4.2324],[-75.086,4.23],[-75.0847,4.2272],[-75.0876,4.2253],[-75.0984,4.1931],[-75.1117,4.1655],[-75.1347,4.142],[-75.1406,4.1372],[-75.1452,4.1362],[-75.1568,4.1242],[-75.1578,4.1209],[-75.1734,4.1112],[-75.1796,4.1017],[-75.1815,4.1017],[-75.1857,4.1082],[-75.1908,4.109],[-75.2006,4.0869],[-75.2092,4.0826],[-75.2122,4.0694],[-75.2191,4.0582],[-75.2135,4.05],[-75.2133,4.0413],[-75.2102,4.0314],[-75.2081,4.029],[-75.2027,4.0273],[-75.2022,4.0236],[-75.198,4.0234],[-75.1929,4.0175],[-75.1923,4.0148],[-75.1848,4.0089],[-75.1796,4.0024],[-75.1599,3.995],[-75.1401,4.0074],[-75.1366,4.0062],[-75.136,4.0037],[-75.1378,4.0004],[-75.1348,3.9982],[-75.1321,3.9882],[-75.1295,3.9883],[-75.1225,3.9822],[-75.1172,3.9807],[-75.1104,3.9753],[-75.1012,3.9716],[-75.0952,3.9712],[-75.0916,3.9614],[-75.0804,3.9478],[-75.0739,3.937],[-75.0676,3.9395],[-75.0587,3.9358],[-75.0511,3.9294],[-75.0433,3.9267],[-75.0344,3.9347],[-75.0264,3.9361],[-75.0257,3.9387],[-75.0345,3.9359],[-75.0427,3.9404],[-75.0429,3.9431],[-75.0456,3.9459],[-75.046,3.9536],[-75.0478,3.9557],[-75.0448,3.9588],[-75.0449,3.964],[-75.0499,3.9667],[-75.054,3.9726],[-75.0565,3.9811],[-75.0618,3.9862],[-75.0631,3.9947],[-75.0659,3.9977],[-75.0672,4.0045],[-75.0721,4.008],[-75.0761,4.0147],[-75.0795,4.0162],[-75.082,4.0217],[-75.0854,4.0243],[-75.0802,4.0394],[-75.0799,4.0611],[-75.0782,4.065],[-75.0707,4.0658],[-75.0746,4.0683],[-75.0752,4.0717],[-75.0724,4.0699],[-75.0668,4.071],[-75.0671,4.0749],[-75.0722,4.0816],[-75.0721,4.0837],[-75.0585,4.0962],[-75.055,4.1019],[-75.0634,4.1112],[-75.065,4.1112],[-75.0671,4.1072],[-75.069,4.1116],[-75.0793,4.111],[-75.0775,4.1155],[-75.0786,4.1165],[-75.076,4.1187],[-75.0785,4.1206],[-75.0779,4.1241],[-75.076,4.1227],[-75.0749,4.1241],[-75.0796,4.1289],[-75.0773,4.1302],[-75.0775,4.133],[-75.0795,4.1344],[-75.0761,4.1385],[-75.0773,4.1414],[-75.081,4.1377],[-75.0827,4.1376],[-75.0833,4.1392],[-75.0754,4.1481],[-75.068,4.1606],[-75.0579,4.1904],[-75.0509,4.2057],[-75.0507,4.2167],[-75.0472,4.2231],[-75.0442,4.2255],[-75.0436,4.2322],[-75.0412,4.2355],[-75.0424,4.2445],[-75.0393,4.2526],[-75.0388,4.2599],[-75.0372,4.2621],[-75.0342,4.2612],[-75.0345,4.2461],[-75.0284,4.2324],[-75.023,4.2308],[-75.0076,4.2361],[-74.9995,4.244],[-74.998,4.2479],[-74.9994,4.2608],[-75.0027,4.2635],[-75.0055,4.2603],[-75.0089,4.2602],[-75.0167,4.2676],[-75.0165,4.2715],[-75.02,4.2722],[-75.0215,4.2742],[-75.0206,4.2791],[-75.0271,4.2827],[-75.0288,4.2822],[-75.0282,4.2804],[-75.0493,4.2815],[-75.0523,4.2828],[-75.0754,4.2843],[-75.0812,4.2869],[-75.0859,4.2904],[-75.0892,4.3014],[-75.0972,4.3027],[-75.0998,4.3017],[-75.0997,4.3043],[-75.1034,4.3057],[-75.1064,4.3136],[-75.1134,4.3171],[-75.1149,4.3195],[-75.1192,4.318],[-75.1292,4.3182],[-75.1324,4.3203],[-75.1336,4.324],[-75.1384,4.3252]]]},"properties":{"NOMBRE":"SAN LUIS"}},{"type":"Feature","geometry":{"type":"Polygon","coordinates":[[[-75.0119,4.8111],[-75.0158,4.8107],[-75.0246,4.8052],[-75.0322,4.7977],[-75.0373,4.7963],[-75.0491,4.7857],[-75.0453,4.7845],[-75.0456,4.7823],[-75.0434,4.7814],[-75.0456,4.7766],[-75.0436,4.7728],[-75.0456,4.7691],[-75.0492,4.7674],[-75.0497,4.766],[-75.0471,4.7643],[-75.05,4.7614],[-75.0599,4.757],[-75.0607,4.7546],[-75.0648,4.7557],[-75.0671,4.7535],[-75.0701,4.7535],[-75.0727,4.749],[-75.0847,4.752],[-75.088,4.7495],[-75.0913,4.7515],[-75.0965,4.7501],[-75.0991,4.7438],[-75.11,4.7378],[-75.1127,4.7334],[-75.1141,4.7337],[-75.1159,4.7391],[-75.1182,4.7385],[-75.1189,4.7406],[-75.1252,4.7409],[-75.1264,4.745],[-75.1344,4.7438],[-75.1425,4.7365],[-75.1469,4.7367],[-75.1512,4.7406],[-75.1577,4.7403],[-75.1626,4.7419],[-75.1676,4.7401],[-75.171,4.7451],[-75.1759,4.7483],[-75.18,4.755],[-75.1887,4.7573],[-75.1947,4.7655],[-75.209,4.7701],[-75.2131,4.7745],[-75.2167,4.7759],[-75.2213,4.7736],[-75.2304,4.7745],[-75.2393,4.7705],[-75.2443,4.7745],[-75.2645,4.7651],[-75.2729,4.7676],[-75.2817,4.7594],[-75.2919,4.7615],[-75.3068,4.7588],[-75.3166,4.7543],[-75.3304,4.7637],[-75.3418,4.7667],[-75.3464,4.7713],[-75.3533,4.7749],[-75.3604,4.7872],[-75.3742,4.8032],[-75.3768,4.784],[-75.38,4.7769],[-75.3779,4.7692],[-75.3804,4.7631],[-75.3797,4.761],[-75.3829,4.759],[-75.3885,4.7473],[-75.3845,4.7403],[-75.3836,4.7351],[-75.3777,4.7298],[-75.3833,4.7251],[-75.3885,4.7161],[-75.3836,4.7078],[-75.3784,4.7085],[-75.3723,4.7045],[-75.3623,4.708],[-75.3557,4.7019],[-75.3512,4.7008],[-75.331,4.7037],[-75.323,4.7021],[-75.3151,4.7066],[-75.3108,4.7064],[-75.2976,4.7114],[-75.2941,4.7096],[-75.2917,4.7116],[-75.2857,4.7097],[-75.2764,4.716],[-75.2729,4.7139],[-75.2719,4.715],[-75.2649,4.7142],[-75.2601,4.7076],[-75.2553,4.7059],[-75.251,4.7088],[-75.2432,4.7094],[-75.2409,4.7119],[-75.2235,4.7123],[-75.2238,4.715],[-75.216,4.7139],[-75.2145,4.7155],[-75.2096,4.7138],[-75.2063,4.7169],[-75.1991,4.7127],[-75.1961,4.7139],[-75.1861,4.7111],[-75.1838,4.7052],[-75.1742,4.6998],[-75.1747,4.6978],[-75.1728,4.6957],[-75.1648,4.6938],[-75.1656,4.6894],[-75.1606,4.686],[-75.1592,4.6797],[-75.1571,4.6834],[-75.1539,4.6822],[-75.1533,4.6776],[-75.1504,4.6763],[-75.1509,4.6741],[-75.1484,4.6719],[-75.1386,4.6696],[-75.1379,4.6665],[-75.1267,4.6631],[-75.1198,4.6677],[-75.1129,4.6674],[-75.1095,4.6645],[-75.1012,4.6631],[-75.0966,4.6572],[-75.0936,4.6581],[-75.0893,4.6563],[-75.0854,4.6603],[-75.0817,4.6607],[-75.0796,4.6681],[-75.0769,4.6677],[-75.0782,4.6765],[-75.0734,4.6845],[-75.0694,4.6865],[-75.0664,4.6854],[-75.065,4.6878],[-75.0501,4.6921],[-75.0507,4.6964],[-75.0639,4.7048],[-75.0643,4.718],[-75.0564,4.7254],[-75.0499,4.7404],[-75.0462,4.7445],[-75.0405,4.746],[-75.0399,4.7483],[-75.032,4.7534],[-75.0323,4.7598],[-75.0295,4.7637],[-75.0307,4.77],[-75.029,4.7741],[-75.029,4.785],[-75.0251,4.795],[-75.0159,4.8015],[-75.0119,4.8111]]]},"properties":{"NOMBRE":"SANTA ISABEL"}},{"type":"Feature","geometry":{"type":"Polygon","coordinates":[[[-74.7791,4.2658],[-74.7808,4.2667],[-74.7871,4.2546],[-74.7939,4.2493],[-74.7952,4.2466],[-74.7968,4.2211],[-74.801,4.216],[-74.8024,4.2085],[-74.801,4.2035],[-74.803,4.1978],[-74.8186,4.1862],[-74.8174,4.1764],[-74.8085,4.1645],[-74.8053,4.1561],[-74.8056,4.1462],[-74.812,4.1368],[-74.8142,4.1301],[-74.8112,4.1189],[-74.8114,4.1095],[-74.823,4.1009],[-74.8351,4.0749],[-74.8381,4.0622],[-74.8346,4.0453],[-74.8353,4.0406],[-74.841,4.0343],[-74.8536,4.0334],[-74.8566,4.0312],[-74.8614,4.0217],[-74.8642,4.0089],[-74.8612,4.0001],[-74.8735,3.9721],[-74.8738,3.9593],[-74.8675,3.9454],[-74.8687,3.9388],[-74.8735,3.9308],[-74.8741,3.9271],[-74.8721,3.9195],[-74.8732,3.9171],[-74.8708,3.9176],[-74.8716,3.915],[-74.8687,3.9157],[-74.8669,3.9123],[-74.8593,3.9108],[-74.8579,3.9097],[-74.8588,3.9088],[-74.8562,3.9096],[-74.8533,3.9076],[-74.8519,3.9089],[-74.8464,3.9076],[-74.8444,3.9046],[-74.8398,3.9041],[-74.8351,3.897],[-74.8259,3.895],[-74.8176,3.909],[-74.8073,3.9365],[-74.8056,3.9539],[-74.8029,3.9557],[-74.8055,3.9572],[-74.8076,3.9653],[-74.8054,3.9777],[-74.7949,3.9861],[-74.783,4.0066],[-74.7781,4.0124],[-74.7913,4.0181],[-74.7953,4.0261],[-74.7978,4.0255],[-74.7985,4.0268],[-74.7962,4.0405],[-74.7985,4.0564],[-74.794,4.0748],[-74.7976,4.0908],[-74.7927,4.0946],[-74.7961,4.1004],[-74.785,4.137],[-74.785,4.1551],[-74.7895,4.1679],[-74.79,4.1757],[-74.7773,4.1994],[-74.7735,4.2146],[-74.7677,4.2275],[-74.7559,4.2419],[-74.7447,4.248],[-74.749,4.254],[-74.7476,4.2566],[-74.7515,4.2601],[-74.7633,4.2549],[-74.7648,4.2522],[-74.767,4.2517],[-74.7659,4.2599],[-74.7683,4.2606],[-74.7704,4.2587],[-74.7717,4.2599],[-74.7688,4.2657],[-74.7791,4.2658]]]},"properties":{"NOMBRE":"SUAREZ"}},{"type":"Feature","geometry":{"type":"Polygon","coordinates":[[[-75.1622,4.2571],[-75.1704,4.2667],[-75.1768,4.2696],[-75.1816,4.277],[-75.1915,4.2596],[-75.1919,4.2483],[-75.1954,4.2393],[-75.1979,4.2369],[-75.1987,4.226],[-75.1995,4.2251],[-75.2064,4.2298],[-75.2068,4.2318],[-75.21,4.2312],[-75.2097,4.2177],[-75.2157,4.2141],[-75.2167,4.2081],[-75.223,4.2041],[-75.2223,4.2023],[-75.2241,4.1984],[-75.2303,4.1903],[-75.2301,4.1859],[-75.2333,4.182],[-75.2369,4.1715],[-75.2376,4.1643],[-75.2362,4.1596],[-75.2383,4.1572],[-75.2381,4.1525],[-75.2436,4.1391],[-75.2472,4.1373],[-75.2458,4.1267],[-75.2417,4.1178],[-75.2436,4.1075],[-75.2256,4.1049],[-75.2232,4.1021],[-75.2127,4.0983],[-75.2038,4.106],[-75.1893,4.1093],[-75.1857,4.1082],[-75.1815,4.1017],[-75.1796,4.1017],[-75.1734,4.1112],[-75.1578,4.1209],[-75.1568,4.1242],[-75.1452,4.1362],[-75.1406,4.1372],[-75.1347,4.142],[-75.1128,4.1642],[-75.1085,4.1709],[-75.0984,4.1931],[-75.0876,4.2253],[-75.0847,4.2272],[-75.086,4.23],[-75.089,4.2324],[-75.0904,4.2319],[-75.0906,4.2337],[-75.0963,4.2305],[-75.1016,4.2328],[-75.1008,4.2361],[-75.0956,4.2423],[-75.0972,4.2494],[-75.1107,4.2519],[-75.116,4.2454],[-75.1174,4.2401],[-75.1228,4.2372],[-75.1213,4.2334],[-75.1225,4.2279],[-75.1244,4.2267],[-75.1298,4.2376],[-75.1361,4.236],[-75.1374,4.2398],[-75.1447,4.2472],[-75.1494,4.2459],[-75.1519,4.2472],[-75.153,4.2457],[-75.1622,4.2571]]]},"properties":{"NOMBRE":"VALLE DE SAN JUAN"}},{"type":"Feature","geometry":{"type":"Polygon","coordinates":[[[-75.0116,4.8096],[-75.0119,4.8111],[-75.0159,4.8015],[-75.0251,4.795],[-75.029,4.785],[-75.029,4.7741],[-75.0307,4.77],[-75.0295,4.7637],[-75.0323,4.7598],[-75.032,4.7534],[-75.0399,4.7483],[-75.0405,4.746],[-75.0462,4.7445],[-75.0499,4.7404],[-75.0564,4.7254],[-75.0641,4.7186],[-75.0651,4.7113],[-75.0633,4.7042],[-75.0588,4.7025],[-75.0515,4.6964],[-75.0446,4.7],[-75.0426,4.6994],[-75.0412,4.6959],[-75.0379,4.6963],[-75.0394,4.6999],[-75.0368,4.7003],[-75.0349,4.7029],[-75.0329,4.6959],[-75.0294,4.7],[-75.0281,4.7],[-75.0272,4.6965],[-75.0253,4.6994],[-75.0217,4.6988],[-75.0232,4.6949],[-75.0187,4.6918],[-75.0175,4.6887],[-75.0118,4.6953],[-75.0059,4.6941],[-74.9919,4.6994],[-74.9888,4.695],[-74.9861,4.7005],[-74.9824,4.703],[-74.9725,4.7028],[-74.971,4.7005],[-74.9615,4.6958],[-74.9614,4.6936],[-74.9582,4.6928],[-74.9551,4.6743],[-74.9444,4.6707],[-74.943,4.6613],[-74.9376,4.6579],[-74.935,4.65],[-74.9291,4.6492],[-74.9288,4.6423],[-74.919,4.6388],[-74.9154,4.6353],[-74.9091,4.6339],[-74.9026,4.6387],[-74.9008,4.6361],[-74.8927,4.6369],[-74.8905,4.6352],[-74.8912,4.6331],[-74.8891,4.6299],[-74.8819,4.6287],[-74.8808,4.6271],[-74.8687,4.6276],[-74.8643,4.624],[-74.8546,4.6277],[-74.8548,4.6203],[-74.8529,4.6164],[-74.8508,4.616],[-74.8462,4.6213],[-74.8417,4.6135],[-74.8387,4.6157],[-74.836,4.6123],[-74.827,4.6089],[-74.8235,4.6117],[-74.8192,4.6106],[-74.8167,4.6117],[-74.8132,4.6186],[-74.8018,4.6265],[-74.7997,4.63],[-74.7992,4.6393],[-74.7955,4.6431],[-74.7869,4.6472],[-74.7862,4.6539],[-74.7902,4.6598],[-74.8043,4.6674],[-74.8078,4.6715],[-74.8072,4.6811],[-74.802,4.691],[-74.805,4.7016],[-74.8185,4.7162],[-74.8205,4.7209],[-74.8238,4.7208],[-74.8264,4.7264],[-74.8303,4.7278],[-74.8324,4.7359],[-74.8344,4.7359],[-74.837,4.7318],[-74.8361,4.7295],[-74.8326,4.7285],[-74.8314,4.7236],[-74.8325,4.7221],[-74.8347,4.722],[-74.8339,4.7256],[-74.8358,4.7276],[-74.8443,4.7241],[-74.8474,4.7253],[-74.8537,4.7185],[-74.8594,4.7194],[-74.8598,4.7163],[-74.8613,4.7173],[-74.8655,4.7126],[-74.8676,4.7141],[-74.8736,4.7127],[-74.8739,4.7153],[-74.8788,4.7184],[-74.8827,4.726],[-74.888,4.7304],[-74.8881,4.7346],[-74.8827,4.7348],[-74.8822,4.7371],[-74.8801,4.737],[-74.8779,4.7396],[-74.8746,4.7379],[-74.864,4.7452],[-74.8662,4.7462],[-74.8673,4.7443],[-74.8701,4.7438],[-74.8741,4.7495],[-74.8722,4.7664],[-74.8664,4.7744],[-74.8695,4.7725],[-74.8703,4.7747],[-74.8754,4.7745],[-74.8764,4.7711],[-74.8778,4.7708],[-74.879,4.7746],[-74.8824,4.7752],[-74.8813,4.7719],[-74.886,4.7705],[-74.8872,4.7715],[-74.8857,4.775],[-74.8869,4.7775],[-74.8914,4.7744],[-74.8929,4.7762],[-74.8981,4.7735],[-74.9002,4.7747],[-74.9012,4.7779],[-74.9053,4.7778],[-74.9073,4.7744],[-74.9109,4.7771],[-74.9137,4.7822],[-74.9162,4.7825],[-74.9201,4.7878],[-74.9256,4.7907],[-74.9291,4.7896],[-74.9416,4.7915],[-74.946,4.7818],[-74.954,4.784],[-74.9563,4.7827],[-74.964,4.7941],[-74.9694,4.7926],[-74.9715,4.795],[-74.9761,4.7937],[-74.9792,4.7954],[-74.9814,4.7928],[-74.9848,4.7923],[-74.994,4.8005],[-75.001,4.7991],[-75.0027,4.807],[-75.0045,4.8089],[-75.0083,4.8109],[-75.0116,4.8096]]]},"properties":{"NOMBRE":"VENADILLO"}},{"type":"Feature","geometry":{"type":"Polygon","coordinates":[[[-75.1084,5.066],[-75.1126,5.0675],[-75.1186,5.0642],[-75.1215,5.0596],[-75.1215,5.0533],[-75.1246,5.0515],[-75.1354,5.0543],[-75.1418,5.0514],[-75.1404,5.0467],[-75.1428,5.0442],[-75.1428,5.041],[-75.1466,5.0407],[-75.1436,5.037],[-75.1428,5.0309],[-75.1451,5.0293],[-75.1481,5.022],[-75.1486,5.0163],[-75.1551,5.0119],[-75.1618,5.0119],[-75.1641,5.0088],[-75.162,5.0052],[-75.1648,5.0037],[-75.1644,5.002],[-75.1675,4.9985],[-75.1731,4.9972],[-75.1785,4.9987],[-75.182,4.9943],[-75.1875,4.9947],[-75.1962,4.99],[-75.1961,4.988],[-75.2013,4.987],[-75.2054,4.9824],[-75.2133,4.9818],[-75.2164,4.9754],[-75.2213,4.9733],[-75.2263,4.9721],[-75.235,4.9752],[-75.2429,4.9728],[-75.252,4.9612],[-75.2571,4.9512],[-75.2655,4.9478],[-75.2695,4.9401],[-75.2755,4.9338],[-75.2813,4.9337],[-75.2864,4.9281],[-75.2911,4.9263],[-75.2995,4.9197],[-75.3004,4.9133],[-75.3149,4.9049],[-75.3169,4.9012],[-75.3196,4.887],[-75.3014,4.8871],[-75.2932,4.8899],[-75.2833,4.8896],[-75.2807,4.8915],[-75.2617,4.8906],[-75.2508,4.892],[-75.2422,4.8961],[-75.2366,4.9017],[-75.2338,4.9076],[-75.2253,4.9123],[-75.2153,4.9109],[-75.214,4.9134],[-75.2102,4.9131],[-75.1984,4.9181],[-75.1945,4.9149],[-75.1875,4.9126],[-75.1769,4.9196],[-75.1736,4.9171],[-75.165,4.917],[-75.1571,4.9094],[-75.1467,4.9083],[-75.1422,4.9099],[-75.1307,4.9068],[-75.1287,4.9043],[-75.1293,4.8993],[-75.126,4.8962],[-75.1238,4.8974],[-75.1207,4.8945],[-75.1164,4.8943],[-75.1101,4.8965],[-75.1076,4.9007],[-75.1111,4.9047],[-75.113,4.9102],[-75.1044,4.9097],[-75.1042,4.9151],[-75.1004,4.9187],[-75.099,4.9232],[-75.104,4.9248],[-75.1059,4.928],[-75.1019,4.935],[-75.0947,4.9362],[-75.0931,4.9387],[-75.0828,4.9423],[-75.0743,4.9484],[-75.071,4.9522],[-75.0698,4.9602],[-75.0669,4.965],[-75.0607,4.9708],[-75.0584,4.9803],[-75.0537,4.9846],[-75.0458,4.9964],[-75.038,4.9964],[-75.0348,4.9986],[-75.0317,4.997],[-75.028,4.9986],[-75.0191,4.9957],[-75.0155,4.9972],[-75.0124,5.005],[-75.0088,5.009],[-75.0132,5.0137],[-75.019,5.013],[-75.0206,5.0145],[-75.0251,5.0119],[-75.0341,5.017],[-75.0434,5.0158],[-75.0485,5.0226],[-75.0496,5.0282],[-75.0645,5.0294],[-75.0698,5.0372],[-75.0916,5.0338],[-75.0955,5.0439],[-75.0913,5.0459],[-75.0919,5.0481],[-75.1038,5.06],[-75.1043,5.0639],[-75.1084,5.066]]]},"properties":{"NOMBRE":"VILLAHERMOSA"}},{"type":"Feature","geometry":{"type":"Polygon","coordinates":[[[-74.5919,3.9816],[-74.6118,3.9956],[-74.6162,3.9939],[-74.622,3.9851],[-74.6297,3.978],[-74.6348,3.9774],[-74.6348,3.9805],[-74.6403,3.9833],[-74.6401,3.9795],[-74.6434,3.9739],[-74.6409,3.9709],[-74.6432,3.9679],[-74.666,3.9527],[-74.6685,3.9497],[-74.6665,3.9475],[-74.6645,3.9483],[-74.6617,3.9451],[-74.6604,3.9348],[-74.657,3.9309],[-74.6572,3.9246],[-74.6538,3.9195],[-74.6592,3.9169],[-74.6621,3.9003],[-74.6676,3.9015],[-74.6685,3.8905],[-74.6705,3.8876],[-74.6731,3.8882],[-74.676,3.885],[-74.6813,3.8849],[-74.6827,3.8797],[-74.6974,3.8777],[-74.7016,3.8742],[-74.7024,3.8702],[-74.7007,3.8668],[-74.6981,3.8657],[-74.6963,3.8596],[-74.7002,3.8503],[-74.6985,3.8468],[-74.6929,3.8429],[-74.6972,3.8278],[-74.6973,3.821],[-74.6909,3.8108],[-74.7074,3.8013],[-74.7071,3.7891],[-74.705,3.782],[-74.7186,3.7653],[-74.723,3.7637],[-74.7175,3.759],[-74.714,3.7642],[-74.7082,3.7685],[-74.7082,3.7706],[-74.7004,3.7751],[-74.7105,3.7519],[-74.7039,3.7268],[-74.699,3.7192],[-74.6991,3.707],[-74.6979,3.7041],[-74.692,3.7002],[-74.6689,3.6979],[-74.6437,3.7158],[-74.6259,3.7306],[-74.6176,3.7386],[-74.6151,3.7445],[-74.5902,3.7747],[-74.5773,3.8058],[-74.5679,3.8205],[-74.5571,3.8303],[-74.5415,3.8333],[-74.5381,3.8544],[-74.5352,3.8583],[-74.5309,3.869],[-74.5301,3.8754],[-74.5249,3.8851],[-74.5255,3.8974],[-74.523,3.9161],[-74.5141,3.9251],[-74.5154,3.9291],[-74.5128,3.9355],[-74.5121,3.9514],[-74.5155,3.9562],[-74.5272,3.9619],[-74.5315,3.9698],[-74.5313,3.9759],[-74.5385,3.972],[-74.5599,3.978],[-74.5919,3.9816]]]},"properties":{"NOMBRE":"VILLARRICA"}},{"type":"Feature","geometry":{"type":"Polygon","coordinates":[[[-75.4057,4.1198],[-75.4072,4.1214],[-75.4132,4.1181],[-75.4202,4.1208],[-75.4195,4.1183],[-75.4251,4.1178],[-75.426,4.1152],[-75.4281,4.1153],[-75.429,4.1174],[-75.4322,4.1166],[-75.4365,4.1119],[-75.4455,4.1084],[-75.4453,4.1059],[-75.45,4.1018],[-75.4501,4.0993],[-75.4543,4.0965],[-75.457,4.0913],[-75.4583,4.0775],[-75.4533,4.0698],[-75.438,4.0598],[-75.4391,4.0574],[-75.4425,4.0558],[-75.4587,4.0635],[-75.464,4.0576],[-75.4669,4.0503],[-75.4665,4.0476],[-75.4704,4.052],[-75.4742,4.0523],[-75.4771,4.0546],[-75.4791,4.0533],[-75.4799,4.0445],[-75.4776,4.0363],[-75.4744,4.0317],[-75.4747,4.0283],[-75.4723,4.023],[-75.4732,4.02],[-75.4862,4.0166],[-75.4892,4.0143],[-75.5035,4.0134],[-75.5102,4.0099],[-75.5227,4.0128],[-75.5304,4.0081],[-75.5377,4.0091],[-75.5398,4.0037],[-75.5382,4.0002],[-75.5414,3.994],[-75.5521,3.9823],[-75.5622,3.9839],[-75.5733,3.9889],[-75.5771,3.9875],[-75.581,3.9886],[-75.5822,3.9844],[-75.5945,3.9738],[-75.608,3.9669],[-75.6185,3.9688],[-75.6274,3.9615],[-75.6331,3.9509],[-75.6302,3.9421],[-75.6315,3.933],[-75.6263,3.9311],[-75.624,3.9324],[-75.6209,3.9282],[-75.6081,3.9256],[-75.6052,3.915],[-75.6033,3.9133],[-75.6047,3.9059],[-75.602,3.903],[-75.6016,3.8973],[-75.5936,3.898],[-75.5836,3.8933],[-75.5794,3.8824],[-75.5813,3.8805],[-75.5805,3.8768],[-75.5755,3.8701],[-75.5686,3.8646],[-75.5664,3.8585],[-75.549,3.8611],[-75.544,3.8554],[-75.534,3.8543],[-75.5264,3.8478],[-75.5175,3.8459],[-75.5074,3.8402],[-75.5039,3.8436],[-75.4991,3.8428],[-75.494,3.8453],[-75.4851,3.8433],[-75.4787,3.8466],[-75.4726,3.8395],[-75.4679,3.8388],[-75.4687,3.8361],[-75.4643,3.8288],[-75.4592,3.8282],[-75.459,3.8314],[-75.4504,3.8448],[-75.443,3.8802],[-75.4325,3.9079],[-75.4388,3.9187],[-75.4281,3.944],[-75.421,3.9547],[-75.4189,3.963],[-75.4194,3.9717],[-75.4212,3.9726],[-75.4298,3.9708],[-75.432,3.9724],[-75.4227,3.9861],[-75.4207,3.9921],[-75.4219,4.0113],[-75.41,4.0218],[-75.4081,4.0268],[-75.4091,4.0404],[-75.4073,4.0435],[-75.4044,4.0452],[-75.3919,4.0475],[-75.3896,4.051],[-75.3895,4.0548],[-75.3913,4.0569],[-75.4011,4.0546],[-75.4085,4.0558],[-75.4074,4.0602],[-75.3988,4.0681],[-75.3902,4.0981],[-75.3901,4.1056],[-75.3873,4.1156],[-75.3896,4.118],[-75.3977,4.1206],[-75.3998,4.1174],[-75.4047,4.1156],[-75.404,4.1189],[-75.4057,4.1198]]]},"properties":{"NOMBRE":"SAN ANTONIO"}},{"type":"Feature","geometry":{"type":"Polygon","coordinates":[[[-75.8411,3.7764],[-75.8445,3.7751],[-75.8496,3.7758],[-75.8532,3.7667],[-75.8585,3.7666],[-75.8699,3.7522],[-75.8814,3.7533],[-75.8861,3.7492],[-75.8902,3.7496],[-75.8943,3.7424],[-75.8982,3.7427],[-75.9046,3.7464],[-75.91,3.7415],[-75.9129,3.7409],[-75.9143,3.7457],[-75.9173,3.7489],[-75.9225,3.7382],[-75.9278,3.7397],[-75.9334,3.7354],[-75.9385,3.7351],[-75.9399,3.7305],[-75.9449,3.7279],[-75.944,3.7235],[-75.9461,3.7168],[-75.9499,3.7137],[-75.9559,3.7134],[-75.9562,3.7105],[-75.9608,3.7045],[-75.9586,3.7006],[-75.9607,3.6944],[-75.9569,3.6894],[-75.951,3.6741],[-75.954,3.6727],[-75.9585,3.6637],[-75.9678,3.663],[-75.9755,3.6567],[-75.9769,3.6544],[-75.977,3.6433],[-75.9856,3.6416],[-75.9889,3.6426],[-75.9941,3.6383],[-75.9902,3.6286],[-75.9869,3.6245],[-75.9887,3.6149],[-75.9948,3.6108],[-75.9917,3.5976],[-75.9845,3.5869],[-75.9858,3.5796],[-75.9896,3.5755],[-75.9889,3.5698],[-75.9838,3.5602],[-75.9863,3.559],[-75.9871,3.5553],[-75.9938,3.5469],[-75.9968,3.5413],[-75.9988,3.532],[-76.0034,3.5281],[-76.0022,3.5196],[-76.0036,3.5167],[-76.0147,3.5086],[-76.0178,3.5014],[-76.0264,3.4911],[-76.0274,3.487],[-76.0223,3.4782],[-76.0233,3.473],[-76.027,3.4673],[-76.0265,3.4623],[-76.0291,3.4576],[-76.0288,3.454],[-76.0365,3.4527],[-76.0389,3.4405],[-76.0421,3.4384],[-76.0417,3.4289],[-76.0384,3.4201],[-76.0427,3.4084],[-76.0428,3.3954],[-76.0363,3.3943],[-76.0337,3.3921],[-76.0299,3.3924],[-76.0317,3.3828],[-76.0337,3.3794],[-76.0389,3.3794],[-76.0483,3.3737],[-76.0492,3.3705],[-76.0481,3.3645],[-76.0617,3.3556],[-76.0621,3.3502],[-76.0553,3.348],[-76.0526,3.3363],[-76.0574,3.3273],[-76.05,3.3241],[-76.0445,3.3188],[-76.0418,3.3074],[-76.0385,3.3011],[-76.0396,3.2983],[-76.0434,3.2963],[-76.0433,3.2899],[-76.0478,3.287],[-76.0508,3.2822],[-76.0478,3.2719],[-76.0476,3.2642],[-76.0414,3.259],[-76.039,3.2499],[-76.0471,3.2455],[-76.0582,3.2322],[-76.0577,3.2262],[-76.0516,3.218],[-76.0607,3.2029],[-76.0686,3.1969],[-76.0758,3.2012],[-76.0851,3.204],[-76.0917,3.2002],[-76.0899,3.1965],[-76.0853,3.1942],[-76.0842,3.1904],[-76.08,3.1879],[-76.0789,3.1824],[-76.0765,3.1793],[-76.0584,3.1699],[-76.0523,3.1702],[-76.0392,3.1749],[-76.0343,3.1749],[-76.025,3.169],[-76.0212,3.1697],[-76.009,3.1759],[-75.9992,3.1787],[-75.9974,3.1817],[-75.982,3.1856],[-75.976,3.1839],[-75.9735,3.185],[-75.9564,3.1832],[-75.9517,3.1804],[-75.9469,3.1842],[-75.9426,3.1836],[-75.9261,3.1922],[-75.9148,3.194],[-75.912,3.1998],[-75.9065,3.2037],[-75.9058,3.2061],[-75.8983,3.2085],[-75.891,3.2193],[-75.8877,3.2209],[-75.8829,3.2193],[-75.8823,3.2229],[-75.8786,3.2224],[-75.8783,3.2288],[-75.8754,3.232],[-75.8754,3.237],[-75.8738,3.2375],[-75.873,3.2336],[-75.8687,3.2319],[-75.8657,3.2353],[-75.862,3.2364],[-75.8594,3.2408],[-75.8559,3.2415],[-75.8518,3.248],[-75.8417,3.2527],[-75.8295,3.2679],[-75.8252,3.2698],[-75.8208,3.2741],[-75.8185,3.2735],[-75.8179,3.2836],[-75.8116,3.2885],[-75.8044,3.2879],[-75.8005,3.2917],[-75.7988,3.2906],[-75.7959,3.292],[-75.7907,3.3022],[-75.7872,3.3043],[-75.7868,3.3096],[-75.7757,3.3132],[-75.7724,3.3103],[-75.7657,3.3101],[-75.7615,3.3143],[-75.7604,3.3178],[-75.7531,3.317],[-75.7513,3.3152],[-75.749,3.3181],[-75.7466,3.3173],[-75.7463,3.3187],[-75.7435,3.3186],[-75.7361,3.3258],[-75.7329,3.3262],[-75.7297,3.3305],[-75.7339,3.337],[-75.7274,3.3435],[-75.7268,3.348],[-75.724,3.3494],[-75.7232,3.3608],[-75.7205,3.363],[-75.7194,3.3701],[-75.7167,3.3714],[-75.7162,3.3748],[-75.7175,3.3762],[-75.7091,3.3839],[-75.7082,3.3937],[-75.7037,3.3999],[-75.7051,3.4057],[-75.7028,3.4059],[-75.6983,3.4147],[-75.6974,3.4217],[-75.6888,3.4298],[-75.6882,3.4361],[-75.6852,3.44],[-75.6858,3.4436],[-75.6818,3.4492],[-75.6791,3.4487],[-75.6769,3.4526],[-75.6737,3.4533],[-75.6746,3.4623],[-75.6709,3.4635],[-75.669,3.4661],[-75.6663,3.4655],[-75.6635,3.4677],[-75.6609,3.4652],[-75.6529,3.466],[-75.6399,3.46],[-75.6372,3.4565],[-75.6311,3.4601],[-75.6246,3.4586],[-75.6214,3.4564],[-75.6154,3.4574],[-75.6086,3.4548],[-75.6044,3.4564],[-75.6004,3.4518],[-75.5908,3.4546],[-75.5799,3.4524],[-75.5776,3.4545],[-75.581,3.4601],[-75.5796,3.4636],[-75.5805,3.4671],[-75.5831,3.4695],[-75.5808,3.4802],[-75.5822,3.4843],[-75.5803,3.4873],[-75.5831,3.4928],[-75.5809,3.4972],[-75.5845,3.5011],[-75.583,3.5084],[-75.5803,3.5114],[-75.5793,3.5192],[-75.5806,3.5194],[-75.5797,3.5206],[-75.5817,3.5233],[-75.5821,3.54],[-75.5835,3.5405],[-75.5837,3.5476],[-75.5852,3.5504],[-75.5835,3.5511],[-75.5852,3.5525],[-75.5849,3.5598],[-75.5825,3.5613],[-75.5828,3.5639],[-75.5836,3.5669],[-75.585,3.5661],[-75.5866,3.5687],[-75.5897,3.5693],[-75.5898,3.5714],[-75.5878,3.5724],[-75.5883,3.5756],[-75.5869,3.5744],[-75.5882,3.5806],[-75.5932,3.5804],[-75.5949,3.5791],[-75.5939,3.5768],[-75.5957,3.5752],[-75.5957,3.5726],[-75.603,3.5689],[-75.6098,3.5718],[-75.6149,3.5706],[-75.6177,3.576],[-75.6218,3.5781],[-75.6264,3.5758],[-75.6276,3.579],[-75.6262,3.5827],[-75.6281,3.587],[-75.6268,3.5909],[-75.6288,3.5905],[-75.6323,3.5943],[-75.632,3.6005],[-75.6359,3.6115],[-75.6431,3.6178],[-75.6487,3.6198],[-75.6516,3.6236],[-75.6559,3.6234],[-75.6589,3.6185],[-75.6633,3.6247],[-75.6683,3.6279],[-75.6734,3.6352],[-75.6868,3.6478],[-75.6911,3.6487],[-75.6934,3.6516],[-75.6975,3.6528],[-75.7036,3.6493],[-75.713,3.6474],[-75.7251,3.6424],[-75.7381,3.6479],[-75.7454,3.6451],[-75.7492,3.6492],[-75.7525,3.6736],[-75.7562,3.6829],[-75.7594,3.6849],[-75.7693,3.6858],[-75.7787,3.6814],[-75.7823,3.6764],[-75.7899,3.6794],[-75.7943,3.6834],[-75.7989,3.6982],[-75.8132,3.7106],[-75.818,3.7124],[-75.8191,3.7161],[-75.8222,3.7184],[-75.8244,3.7249],[-75.8249,3.7394],[-75.8228,3.7436],[-75.8251,3.7529],[-75.8233,3.7591],[-75.8263,3.7623],[-75.83,3.7735],[-75.8379,3.7738],[-75.8411,3.7764]]]},"properties":{"NOMBRE":"RIOBLANCO"}}]}